name,age,height
Aaron,34,186
Abbey,75,158
Abbie,51,153
Abby,97,182
Abdul,14,168
Abe,34,184
Abel,75,176
Abigail,72,141
Abraham,63,188
Abram,13,198
Ada,77,185
Adah,78,149
Adalberto,1,198
Adaline,9,159
Adam,5,145
Adan,11,161
Addie,85,168
Adela,27,195
Adelaida,29,195
Adelaide,20,152
Adele,89,167
Adelia,37,173
Adelina,85,187
Adeline,52,182
Adell,89,161
Adella,28,157
Adelle,66,151
Adena,83,171
Adina,89,187
Adolfo,4,156
Adolph,74,165
Adria,48,178
Adrian,16,182
Adriana,35,143
Adriane,30,187
Adrianna,18,184
Adrianne,51,152
Adrien,33,152
Adriene,27,155
Adrienne,16,156
Afton,83,183
Agatha,77,188
Agnes,13,151
Agnus,31,167
Agripina,59,154
Agueda,95,167
Agustin,61,155
Agustina,59,144
Ahmad,33,185
Ahmed,63,153
Ai,18,169
Aida,92,159
Aide,48,176
Aiko,83,177
Aileen,8,157
Ailene,6,156
Aimee,60,155
Aisha,61,156
Aja,60,144
Akiko,24,185
Akilah,50,199
Al,67,170
Alaina,68,150
Alaine,72,163
Alan,16,162
Alana,59,172
Alane,62,155
Alanna,6,153
Alayna,57,198
Alba,79,169
Albert,91,156
Alberta,88,173
Albertha,5,142
Albertina,3,174
Albertine,42,157
Alberto,53,168
Albina,4,192
Alda,5,145
Alden,61,159
Aldo,34,154
Alease,64,183
Alec,29,157
Alecia,73,197
Aleen,89,164
Aleida,8,171
Aleisha,87,170
Alejandra,53,185
Alejandrina,2,144
Alejandro,85,174
Alena,78,160
Alene,10,156
Alesha,61,180
Aleshia,82,161
Alesia,14,151
Alessandra,95,187
Aleta,68,142
Aletha,47,185
Alethea,7,178
Alethia,81,179
Alex,75,177
Alexa,86,187
Alexander,86,179
Alexandra,7,145
Alexandria,67,168
Alexia,33,188
Alexis,65,154
Alfonso,54,183
Alfonzo,55,142
Alfred,56,180
Alfreda,35,199
Alfredia,50,164
Alfredo,21,191
Ali,94,156
Alia,26,158
Alica,71,146
Alice,37,194
Alicia,62,192
Alida,24,190
Alina,78,177
Aline,54,163
Alisa,39,189
Alise,31,184
Alisha,31,166
Alishia,36,150
Alisia,63,170
Alison,59,178
Alissa,73,196
Alita,65,163
Alix,76,167
Aliza,13,143
Alla,36,198
Allan,33,181
Alleen,28,177
Allegra,63,179
Allen,18,146
Allena,5,149
Allene,24,170
Allie,62,182
Alline,42,177
Allison,16,152
Allyn,95,192
Allyson,11,163
Alma,23,185
Almeda,93,186
Almeta,24,146
Alona,61,140
Alonso,34,142
Alonzo,86,172
Alpha,31,197
Alphonse,69,142
Alphonso,77,164
Alta,84,191
Altagracia,42,191
Altha,44,145
Althea,53,154
Alton,24,198
Alva,66,192
Alvaro,61,151
Alvera,69,164
Alverta,13,192
Alvin,71,185
Alvina,99,187
Alyce,18,185
Alycia,38,149
Alysa,25,186
Alyse,31,176
Alysha,55,197
Alysia,4,149
Alyson,65,178
Alyssa,67,149
Amada,66,194
Amado,7,160
Amal,55,186
Amalia,59,166
Amanda,34,147
Amber,27,179
Amberly,37,172
Ambrose,31,195
Amee,11,193
Amelia,58,160
America,6,178
Ami,31,158
Amie,26,196
Amiee,4,181
Amina,20,170
Amira,87,154
Ammie,54,146
Amos,19,157
Amparo,98,184
Amy,87,157
An,13,151
Ana,20,174
Anabel,30,143
Analisa,76,168
Anamaria,65,163
Anastacia,38,147
Anastasia,49,171
Andera,77,191
Anderson,38,175
Andra,60,152
Andre,81,177
Andrea,80,165
Andreas,21,146
Andree,2,168
Andres,61,167
Andrew,49,143
Andria,60,169
Andy,70,172
Anette,19,155
Angel,40,156
Angela,16,178
Angele,20,172
Angelena,56,148
Angeles,82,156
Angelia,4,149
Angelic,26,164
Angelica,96,198
Angelika,26,170
Angelina,83,148
Angeline,69,160
Angelique,90,187
Angelita,94,184
Angella,5,144
Angelo,27,161
Angelyn,46,189
Angie,15,152
Angila,87,145
Angla,23,175
Angle,4,146
Anglea,32,176
Anh,73,157
Anibal,8,146
Anika,71,148
Anisa,27,158
Anisha,89,148
Anissa,34,152
Anita,43,184
Anitra,46,172
Anja,63,158
Anjanette,56,178
Anjelica,60,178
Ann,50,164
Anna,42,143
Annabel,71,174
Annabell,73,163
Annabelle,16,190
Annalee,83,172
Annalisa,59,196
Annamae,86,160
Annamaria,41,155
Annamarie,87,164
Anne,2,186
Anneliese,58,185
Annelle,31,162
Annemarie,39,186
Annett,70,176
Annetta,41,177
Annette,86,183
Annice,2,193
Annie,97,151
Annika,41,192
Annis,14,174
Annita,89,156
Annmarie,3,142
Anthony,34,153
Antione,42,167
Antionette,99,179
Antoine,60,140
Antoinette,65,152
Anton,36,199
Antone,53,151
Antonetta,47,171
Antonette,99,157
Antonia,20,171
Antonietta,49,186
Antonina,59,170
Antonio,41,145
Antony,16,163
Antwan,2,143
Anya,14,156
Apolonia,86,194
April,10,148
Apryl,31,164
Ara,5,179
Araceli,59,169
Aracelis,57,180
Aracely,2,149
Arcelia,57,169
Archie,21,153
Ardath,23,165
Ardelia,82,180
Ardell,83,166
Ardella,54,149
Ardelle,80,194
Arden,1,152
Ardis,31,184
Ardith,51,170
Aretha,68,160
Argelia,95,140
Argentina,98,152
Ariana,45,165
Ariane,88,156
Arianna,77,144
Arianne,76,198
Arica,97,152
Arie,68,147
Ariel,5,155
Arielle,20,177
Arla,65,186
Arlean,3,165
Arleen,78,176
Arlen,28,142
Arlena,46,147
Arlene,22,144
Arletha,24,183
Arletta,30,162
Arlette,59,147
Arlie,53,199
Arlinda,12,144
Arline,54,140
Arlyne,83,190
Armand,80,159
Armanda,28,182
Armandina,12,164
Armando,77,146
Armida,94,161
Arminda,58,148
Arnetta,24,161
Arnette,56,169
Arnita,6,146
Arnold,25,148
Arnoldo,39,163
Arnulfo,48,197
Aron,10,162
Arron,23,197
Art,53,172
Arthur,97,151
Artie,44,145
Arturo,26,165
Arvilla,60,159
Asa,16,184
Asha,84,182
Ashanti,29,147
Ashely,76,151
Ashlea,98,189
Ashlee,29,196
Ashleigh,11,163
Ashley,27,189
Ashli,100,186
Ashlie,91,193
Ashly,55,186
Ashlyn,17,192
Ashton,43,182
Asia,61,187
Asley,45,185
Assunta,97,188
Astrid,84,152
Asuncion,32,166
Athena,40,173
Aubrey,67,156
Audie,97,162
Audra,81,146
Audrea,35,149
Audrey,93,152
Audria,73,166
Audrie,1,181
Audry,100,185
August,56,162
Augusta,41,149
Augustina,54,164
Augustine,48,155
Augustus,69,184
Aundrea,79,178
Aura,43,150
Aurea,11,198
Aurelia,64,192
Aurelio,89,170
Aurora,11,182
Aurore,10,145
Austin,11,171
Autumn,48,147
Ava,9,156
Avelina,78,140
Avery,4,196
Avis,82,166
Avril,7,154
Awilda,84,178
Ayako,66,167
Ayana,99,181
Ayanna,54,151
Ayesha,22,168
Azalee,72,169
Azucena,53,174
Azzie,58,189
Babara,61,171
Babette,8,194
Bailey,43,164
Bambi,35,173
Bao,18,176
Barabara,60,146
Barb,36,182
Barbar,0,155
Barbara,28,196
Barbera,30,145
Barbie,12,155
Barbra,71,176
Bari,83,170
Barney,98,155
Barrett,10,186
Barrie,97,156
Barry,91,147
Bart,79,188
Barton,12,166
Basil,15,152
Basilia,95,149
Bea,19,193
Beata,51,177
Beatrice,55,172
Beatris,8,161
Beatriz,57,149
Beau,16,179
Beaulah,37,171
Bebe,64,192
Becki,25,168
Beckie,91,183
Becky,37,145
Bee,29,158
Belen,93,163
Belia,35,198
Belinda,54,174
Belkis,96,161
Bell,99,174
Bella,23,141
Belle,30,157
Belva,76,163
Ben,75,151
Benedict,19,147
Benita,55,195
Benito,59,152
Benjamin,60,147
Bennett,93,161
Bennie,24,157
Benny,50,191
Benton,55,157
Berenice,97,155
Berna,79,177
Bernadette,75,170
Bernadine,88,175
Bernard,94,173
Bernarda,54,180
Bernardina,70,189
Bernardine,83,157
Bernardo,93,176
Berneice,38,148
Bernetta,79,171
Bernice,33,199
Bernie,44,165
Berniece,23,167
Bernita,80,188
Berry,92,153
Bert,66,176
Berta,5,177
Bertha,79,151
Bertie,11,196
Bertram,90,142
Beryl,79,155
Bess,51,166
Bessie,51,141
Beth,4,149
Bethanie,44,171
Bethann,17,181
Bethany,74,186
Bethel,74,173
Betsey,53,154
Betsy,100,177
Bette,58,168
Bettie,64,165
Bettina,85,166
Betty,40,191
Bettyann,45,192
Bettye,43,193
Beula,40,147
Beulah,24,150
Bev,98,153
Beverlee,11,141
Beverley,80,167
Beverly,42,181
Bianca,62,192
Bibi,82,160
Bill,78,196
Billi,45,145
Billie,36,147
Billy,29,175
Billye,87,161
Birdie,71,173
Birgit,63,194
Blaine,68,180
Blair,97,154
Blake,62,199
Blanca,21,164
Blanch,51,187
Blanche,52,170
Blondell,27,193
Blossom,27,161
Blythe,66,199
Bo,0,142
Bob,94,177
Bobbi,21,161
Bobbie,10,174
Bobby,50,146
Bobbye,55,199
Bobette,42,157
Bok,36,185
Bong,89,149
Bonita,33,152
Bonnie,87,171
Bonny,26,164
Booker,11,153
Boris,81,196
Boyce,69,190
Boyd,63,165
Brad,51,177
Bradford,31,160
Bradley,53,150
Bradly,94,184
Brady,22,197
Brain,93,193
Branda,82,172
Brande,1,187
Brandee,16,185
Branden,36,160
Brandi,7,164
Brandie,61,150
Brandon,17,175
Brandy,64,149
Brant,54,176
Breana,11,149
Breann,89,190
Breanna,60,166
Breanne,79,173
Bree,43,170
Brenda,4,195
Brendan,19,177
Brendon,54,179
Brenna,26,154
Brent,99,183
Brenton,13,193
Bret,92,157
Brett,65,171
Brian,15,175
Briana,10,191
Brianna,45,180
Brianne,82,146
Brice,61,150
Bridget,31,154
Bridgett,9,165
Bridgette,19,157
Brigette,26,152
Brigid,26,183
Brigida,50,180
Brigitte,68,164
Brinda,17,160
Britany,76,161
Britney,13,178
Britni,55,193
Britt,33,186
Britta,46,154
Brittaney,24,164
Brittani,56,187
Brittanie,8,141
Brittany,43,140
Britteny,53,178
Brittney,36,199
Brittni,53,161
Brittny,77,156
Brock,98,163
Broderick,44,155
Bronwyn,83,171
Brook,53,152
Brooke,82,157
Brooks,83,187
Bruce,28,152
Bruna,82,182
Brunilda,33,169
Bruno,82,165
Bryan,50,197
Bryanna,71,170
Bryant,84,173
Bryce,61,157
Brynn,20,168
Bryon,49,142
Buck,3,188
Bud,35,164
Buddy,92,196
Buena,65,181
Buffy,35,184
Buford,39,158
Bula,68,140
Bulah,73,172
Bunny,19,161
Burl,60,195
Burma,39,172
Burt,32,159
Burton,36,158
Buster,62,168
Byron,58,154
Caitlin,12,165
Caitlyn,74,143
Calandra,43,178
Caleb,90,173
Calista,2,180
Callie,72,177
Calvin,95,141
Camelia,45,157
Camellia,74,162
Cameron,70,169
Cami,60,179
Camie,11,177
Camila,2,144
Camilla,99,140
Camille,33,168
Cammie,47,142
Cammy,79,164
Candace,44,173
Candance,55,146
Candelaria,70,144
Candi,69,143
Candice,68,185
Candida,24,148
Candie,4,172
Candis,89,191
Candra,3,140
Candy,71,166
Candyce,33,148
Caprice,1,158
Cara,99,144
Caren,8,154
Carey,12,146
Cari,65,150
Caridad,92,142
Carie,93,162
Carin,95,177
Carina,61,178
Carisa,1,185
Carissa,54,151
Carita,61,198
Carl,58,195
Carla,64,142
Carlee,11,173
Carleen,24,171
Carlena,71,192
Carlene,87,193
Carletta,98,187
Carley,63,190
Carli,10,157
Carlie,88,194
Carline,57,141
Carlita,50,158
Carlo,72,191
Carlos,48,197
Carlota,23,184
Carlotta,4,172
Carlton,1,189
Carly,56,160
Carlyn,20,153
Carma,37,197
Carman,53,170
Carmel,29,159
Carmela,20,156
Carmelia,92,147
Carmelina,23,167
Carmelita,56,184
Carmella,92,160
Carmelo,32,181
Carmen,50,162
Carmina,51,156
Carmine,2,152
Carmon,51,187
Carol,43,176
Carola,12,144
Carolann,15,160
Carole,56,145
Carolee,73,153
Carolin,60,199
Carolina,64,190
Caroline,53,151
Caroll,81,165
Carolyn,26,154
Carolyne,71,168
Carolynn,28,159
Caron,7,191
Caroyln,81,142
Carri,51,180
Carrie,46,169
Carrol,65,192
Carroll,77,197
Carry,1,142
Carson,73,154
Carter,71,186
Cary,12,183
Caryl,28,150
Carylon,38,146
Caryn,38,145
Casandra,65,149
Casey,65,171
Casie,63,145
Casimira,40,158
Cassandra,47,141
Cassaundra,9,193
Cassey,81,152
Cassi,4,184
Cassidy,39,158
Cassie,29,161
Cassondra,51,171
Cassy,60,195
Catalina,10,194
Catarina,36,180
Caterina,21,178
Catharine,80,145
Catherin,18,152
Catherina,60,183
Catherine,7,175
Cathern,97,149
Catheryn,55,165
Cathey,84,187
Cathi,87,193
Cathie,35,179
Cathleen,11,169
Cathrine,3,143
Cathryn,15,172
Cathy,49,191
Catina,1,187
Catrice,28,157
Catrina,26,150
Cayla,22,167
Cecelia,99,196
Cecil,58,187
Cecila,76,175
Cecile,48,165
Cecilia,90,149
Cecille,11,166
Cecily,55,170
Cedric,50,146
Cedrick,78,157
Celena,77,145
Celesta,33,159
Celeste,65,156
Celestina,93,155
Celestine,60,144
Celia,28,162
Celina,36,162
Celinda,48,153
Celine,57,189
Celsa,79,178
Ceola,98,193
Cesar,35,146
Chad,59,165
Chadwick,50,164
Chae,89,164
Chan,54,186
Chana,87,178
Chance,52,154
Chanda,71,160
Chandra,91,143
Chanel,13,193
Chanell,28,171
Chanelle,67,193
Chang,27,156
Chantal,17,164
Chantay,28,148
Chante,88,186
Chantel,60,144
Chantell,28,187
Chantelle,14,171
Chara,3,197
Charis,0,145
Charise,54,193
Charissa,11,174
Charisse,77,187
Charita,55,164
Charity,33,152
Charla,69,180
Charleen,48,144
Charlena,93,151
Charlene,21,197
Charles,46,176
Charlesetta,35,185
Charlette,30,166
Charley,42,184
Charlie,83,172
Charline,25,165
Charlott,80,194
Charlotte,49,186
Charlsie,42,181
Charlyn,75,185
Charmain,34,191
Charmaine,2,155
Charolette,8,154
Chas,30,194
Chase,66,196
Chasidy,67,172
Chasity,31,174
Chassidy,78,181
Chastity,62,159
Chau,68,151
Chauncey,55,153
Chaya,24,188
Chelsea,58,197
Chelsey,53,160
Chelsie,99,194
Cher,87,195
Chere,50,161
Cheree,25,184
Cherelle,99,151
Cheri,8,151
Cherie,22,182
Cherilyn,100,179
Cherise,85,154
Cherish,93,156
Cherly,23,150
Cherlyn,11,177
Cherri,71,148
Cherrie,28,198
Cherry,51,199
Cherryl,80,177
Chery,93,164
Cheryl,37,147
Cheryle,55,199
Cheryll,0,173
Chester,47,195
Chet,6,189
Cheyenne,53,192
Chi,68,147
Chia,33,177
Chieko,89,173
Chin,8,158
China,4,162
Ching,8,140
Chiquita,94,158
Chloe,70,196
Chong,9,186
Chris,27,144
Chrissy,12,156
Christa,96,156
Christal,68,153
Christeen,85,190
Christel,83,156
Christen,53,194
Christena,83,145
Christene,78,178
Christi,64,177
Christia,82,153
Christian,28,198
Christiana,47,152
Christiane,31,184
Christie,72,184
Christin,100,146
Christina,62,161
Christine,15,183
Christinia,82,164
Christoper,11,195
Christopher,82,185
Christy,1,193
Chrystal,66,185
Chu,84,179
Chuck,100,178
Chun,19,150
Chung,94,151
Ciara,35,145
Cicely,12,155
Ciera,5,151
Cierra,23,145
Cinda,29,190
Cinderella,4,147
Cindi,4,166
Cindie,66,170
Cindy,31,157
Cinthia,42,157
Cira,16,142
Clair,69,187
Claire,70,198
Clara,71,186
Clare,54,156
Clarence,39,184
Claretha,37,197
Claretta,68,158
Claribel,40,191
Clarice,76,142
Clarinda,5,171
Clarine,37,195
Claris,84,190
Clarisa,97,171
Clarissa,13,198
Clarita,87,196
Clark,100,155
Classie,19,184
Claud,74,149
Claude,87,194
Claudette,86,141
Claudia,94,182
Claudie,27,159
Claudine,34,179
Claudio,81,181
Clay,11,188
Clayton,28,179
Clelia,42,167
Clemencia,77,184
Clement,39,163
Clemente,3,197
Clementina,61,152
Clementine,53,195
Clemmie,97,195
Cleo,62,166
Cleopatra,30,151
Cleora,39,188
Cleotilde,38,186
Cleta,88,170
Cletus,56,145
Cleveland,84,148
Cliff,37,169
Clifford,77,143
Clifton,16,154
Clint,49,153
Clinton,100,199
Clora,28,165
Clorinda,72,178
Clotilde,44,157
Clyde,54,175
Codi,44,143
Cody,75,198
Colby,39,182
Cole,71,141
Coleen,34,195
Coleman,26,170
Colene,13,142
Coletta,4,140
Colette,39,141
Colin,14,174
Colleen,66,173
Collen,11,173
Collene,79,175
Collette,50,177
Collin,36,153
Colton,82,183
Columbus,78,141
Concepcion,72,148
Conception,53,185
Concetta,39,183
Concha,80,180
Conchita,55,152
Connie,69,167
Conrad,97,154
Constance,12,157
Consuela,56,140
Consuelo,9,151
Contessa,79,192
Cora,5,170
Coral,56,169
Coralee,14,148
Coralie,83,177
Corazon,35,145
Cordelia,72,175
Cordell,49,175
Cordia,85,147
Cordie,81,146
Coreen,11,157
Corene,18,195
Coretta,80,196
Corey,35,150
Cori,53,146
Corie,72,199
Corina,87,184
Corine,76,176
Corinna,45,143
Corinne,19,187
Corliss,4,187
Cornelia,43,188
Cornelius,80,142
Cornell,34,171
Corrie,43,150
Corrin,11,141
Corrina,65,141
Corrine,2,161
Corrinne,11,193
Cortez,87,146
Cortney,91,174
Cory,14,173
Courtney,1,198
Coy,94,146
Craig,32,150
Creola,17,184
Cris,70,170
Criselda,78,192
Crissy,84,154
Crista,27,140
Cristal,50,165
Cristen,83,166
Cristi,77,165
Cristie,49,165
Cristin,97,191
Cristina,80,186
Cristine,95,167
Cristobal,96,164
Cristopher,22,177
Cristy,17,175
Cruz,76,161
Crysta,81,162
Crystal,0,184
Crystle,78,178
Cuc,21,199
Curt,82,164
Curtis,32,185
Cyndi,50,197
Cyndy,14,149
Cynthia,92,152
Cyril,34,161
Cyrstal,92,159
Cyrus,59,155
Cythia,57,170
Dacia,45,193
Dagmar,85,150
Dagny,73,181
Dahlia,51,175
Daina,47,193
Daine,28,180
Daisey,49,190
Daisy,7,176
Dakota,66,164
Dale,70,161
Dalene,65,163
Dalia,97,149
Dalila,19,174
Dallas,47,172
Dalton,74,156
Damaris,66,151
Damian,76,154
Damien,61,143
Damion,44,195
Damon,37,176
Dan,21,158
Dana,26,179
Danae,23,170
Dane,30,163
Danelle,85,170
Danette,69,155
Dani,27,173
Dania,99,168
Danial,33,167
Danica,27,156
Daniel,93,143
Daniela,88,145
Daniele,28,172
Daniell,79,193
Daniella,25,161
Danielle,78,145
Danika,32,163
Danille,66,189
Danilo,84,157
Danita,2,152
Dann,69,160
Danna,47,175
Dannette,34,145
Dannie,100,189
Dannielle,78,143
Danny,76,197
Dante,43,198
Danuta,71,141
Danyel,29,143
Danyell,2,148
Danyelle,40,150
Daphine,62,152
Daphne,5,164
Dara,92,141
Darby,76,184
Darcel,57,145
Darcey,85,150
Darci,60,168
Darcie,83,159
Darcy,17,159
Darell,9,162
Daren,65,184
Daria,73,155
Darin,96,184
Dario,41,149
Darius,81,147
Darla,19,142
Darleen,100,163
Darlena,42,165
Darlene,27,164
Darline,62,189
Darnell,88,194
Daron,52,144
Darrel,42,168
Darrell,14,175
Darren,86,194
Darrick,78,164
Darrin,26,142
Darron,52,140
Darryl,84,196
Darwin,71,158
Daryl,86,146
Dave,35,159
David,31,189
Davida,0,146
Davina,17,162
Davis,34,192
Dawn,60,192
Dawna,35,192
Dawne,73,156
Dayle,67,147
Dayna,61,162
Daysi,98,150
Deadra,79,160
Dean,8,165
Deana,19,152
Deandra,5,185
Deandre,34,198
Deandrea,37,184
Deane,15,168
Deangelo,67,157
Deann,76,158
Deanna,98,161
Deanne,22,168
Deb,60,199
Debbi,44,173
Debbie,21,153
Debbra,28,140
Debby,20,155
Debera,51,198
Debi,12,170
Debora,96,171
Deborah,3,168
Debra,77,198
Debrah,87,181
Debroah,37,140
Dede,98,177
Dedra,70,189
Dee,14,158
Deeann,47,159
Deeanna,1,176
Deedee,74,146
Deedra,50,160
Deena,60,161
Deetta,43,160
Deidra,17,181
Deidre,58,169
Deirdre,17,185
Deja,41,172
Del,87,183
Delaine,89,182
Delana,80,189
Delbert,68,147
Delcie,67,158
Delena,36,147
Delfina,100,154
Delia,89,184
Delicia,1,171
Delila,90,182
Delilah,18,191
Delinda,9,156
Delisa,93,189
Dell,24,162
Della,77,159
Delma,62,194
Delmar,95,198
Delmer,22,181
Delmy,98,149
Delois,8,174
Deloise,14,186
Delora,23,183
Deloras,77,163
Delores,96,196
Deloris,90,175
Delorse,29,162
Delpha,11,196
Delphia,32,186
Delphine,1,192
Delsie,12,162
Delta,46,192
Demarcus,74,153
Demetra,56,160
Demetria,65,180
Demetrice,7,154
Demetrius,24,157
Dena,74,165
Denae,40,156
Deneen,80,183
Denese,79,177
Denice,4,174
Denis,2,189
Denise,51,147
Denisha,15,143
Denisse,67,153
Denita,37,182
Denna,97,147
Dennis,88,143
Dennise,20,192
Denny,54,179
Denver,84,169
Denyse,11,169
Deon,18,194
Deonna,44,140
Derek,13,173
Derick,92,178
Derrick,98,190
Deshawn,68,192
Desirae,45,156
Desire,82,175
Desiree,1,175
Desmond,45,171
Despina,71,150
Dessie,67,160
Destiny,96,145
Detra,6,186
Devin,88,191
Devon,19,140
Devona,55,179
Devora,16,173
Devorah,0,151
Dewayne,75,158
Dewey,75,142
Dewitt,64,156
Dexter,99,169
Dia,78,187
Diamond,24,163
Dian,49,153
Diana,67,193
Diane,34,142
Diann,93,148
Dianna,11,146
Dianne,16,194
Dick,17,189
Diedra,97,180
Diedre,12,195
Diego,74,167
Dierdre,2,157
Digna,81,164
Dillon,65,149
Dimple,74,147
Dina,96,187
Dinah,3,182
Dino,8,197
Dinorah,77,149
Dion,59,170
Dione,96,144
Dionna,37,182
Dionne,80,168
Dirk,7,181
Divina,22,175
Dixie,33,163
Dodie,52,141
Dollie,58,193
Dolly,75,180
Dolores,80,159
Doloris,51,197
Domenic,71,171
Domenica,72,152
Dominga,18,149
Domingo,13,189
Dominic,68,198
Dominica,99,147
Dominick,71,187
Dominique,40,182
Dominque,100,193
Domitila,16,140
Domonique,18,141
Don,60,170
Dona,58,189
Donald,82,166
Donella,92,184
Donetta,82,179
Donette,75,163
Dong,26,196
Donita,49,140
Donn,55,152
Donna,3,169
Donnell,4,177
Donnetta,96,151
Donnette,50,171
Donnie,18,152
Donny,30,188
Donovan,11,141
Donte,81,182
Donya,91,195
Dora,74,141
Dorathy,58,187
Dorcas,55,169
Doreatha,45,166
Doreen,31,151
Dorene,88,163
Doretha,83,186
Dorethea,54,198
Doretta,15,192
Dori,81,142
Doria,100,174
Dorian,98,162
Dorie,32,186
Dorinda,80,140
Dorine,93,169
Doris,70,161
Dorla,8,151
Dorotha,38,151
Dorothea,93,184
Dorothy,48,152
Dorris,41,154
Dorsey,65,169
Dortha,60,165
Dorthea,46,141
Dorthey,20,190
Dorthy,69,198
Dot,74,184
Dottie,93,170
Dotty,78,160
Doug,83,187
Douglas,33,196
Douglass,73,178
Dovie,34,189
Doyle,75,151
Dreama,62,142
Drema,6,180
Drew,18,170
Drucilla,23,173
Drusilla,95,156
Duane,69,144
Dudley,29,164
Dulce,57,192
Dulcie,83,182
Duncan,41,156
Dung,56,177
Dusti,100,157
Dustin,51,192
Dusty,4,176
Dwain,43,144
Dwana,95,170
Dwayne,62,180
Dwight,75,156
Dyan,58,154
Dylan,42,141
Earl,22,156
Earle,35,185
Earlean,89,189
Earleen,41,172
Earlene,86,198
Earlie,99,154
Earline,98,184
Earnest,59,188
Earnestine,63,149
Eartha,5,197
Easter,100,158
Eboni,65,183
Ebonie,54,188
Ebony,5,154
Echo,92,189
Ed,81,159
Eda,21,154
Edda,84,182
Eddie,96,172
Eddy,30,182
Edelmira,56,145
Eden,53,176
Edgar,55,143
Edgardo,52,154
Edie,97,144
Edison,36,144
Edith,69,177
Edmond,76,163
Edmund,27,148
Edmundo,36,182
Edna,1,153
Edra,74,199
Edris,93,180
Eduardo,4,197
Edward,43,174
Edwardo,87,167
Edwin,65,188
Edwina,81,182
Edyth,91,155
Edythe,1,170
Effie,44,149
Efrain,63,145
Efren,44,197
Ehtel,40,141
Eileen,67,162
Eilene,35,158
Ela,60,173
Eladia,27,182
Elaina,94,168
Elaine,89,195
Elana,36,151
Elane,21,158
Elanor,17,152
Elayne,35,170
Elba,87,173
Elbert,81,162
Elda,87,172
Elden,12,174
Eldon,58,178
Eldora,73,149
Eldridge,3,150
Eleanor,49,152
Eleanora,67,199
Eleanore,81,173
Elease,75,151
Elena,14,147
Elene,61,142
Eleni,51,172
Elenor,86,162
Elenora,62,164
Elenore,42,178
Eleonor,99,181
Eleonora,91,147
Eleonore,79,193
Elfreda,58,173
Elfrieda,47,178
Elfriede,25,161
Eli,90,167
Elia,22,144
Eliana,89,165
Elias,48,197
Elicia,87,165
Elida,20,180
Elidia,4,170
Elijah,29,163
Elin,39,192
Elina,84,141
Elinor,36,180
Elinore,89,178
Elisa,59,153
Elisabeth,60,195
Elise,21,190
Eliseo,17,140
Elisha,8,144
Elissa,80,156
Eliz,84,190
Eliza,16,154
Elizabet,10,163
Elizabeth,86,151
Elizbeth,88,181
Elizebeth,81,144
Elke,32,141
Ella,47,166
Ellamae,55,159
Ellan,44,179
Ellen,52,145
Ellena,13,182
Elli,87,173
Ellie,38,143
Elliot,86,172
Elliott,73,161
Ellis,25,190
Ellsworth,25,193
Elly,65,158
Ellyn,34,140
Elma,30,172
Elmer,61,189
Elmira,22,151
Elmo,94,160
Elna,61,141
Elnora,75,159
Elodia,79,170
Elois,90,161
Eloisa,85,167
Eloise,48,173
Elouise,37,173
Eloy,58,154
Elroy,86,145
Elsa,67,197
Else,71,155
Elsie,64,152
Elsy,52,143
Elton,62,153
Elva,89,166
Elvera,45,161
Elvia,15,196
Elvie,39,197
Elvin,1,157
Elvina,50,170
Elvira,28,150
Elvis,86,145
Elwanda,91,197
Elwood,62,198
Elyse,87,194
Elza,66,189
Ema,67,166
Emanuel,100,194
Emelda,79,168
Emelia,41,175
Emelina,86,140
Emeline,88,140
Emely,49,152
Emerald,50,144
Emerita,87,145
Emerson,72,166
Emery,80,182
Emiko,14,176
Emil,68,160
Emile,94,156
Emilee,63,177
Emilia,90,144
Emilie,39,181
Emilio,60,182
Emily,38,152
Emma,17,174
Emmaline,90,187
Emmanuel,16,164
Emmett,71,166
Emmie,75,194
Emmitt,34,175
Emmy,83,181
Emogene,97,170
Emory,23,192
Ena,39,171
Enda,45,155
Enedina,38,165
Eneida,96,144
Enid,60,144
Enoch,83,156
Enola,49,196
Enrique,79,182
Enriqueta,46,166
Epifania,3,162
Era,96,190
Erasmo,38,180
Eric,37,159
Erica,54,167
Erich,80,148
Erick,78,166
Ericka,65,195
Erik,85,166
Erika,31,191
Erin,23,181
Erinn,18,182
Erlene,21,192
Erlinda,58,177
Erline,97,148
Erma,87,176
Ermelinda,48,171
Erminia,29,190
Erna,83,185
Ernest,61,191
Ernestina,86,151
Ernestine,77,196
Ernesto,45,188
Ernie,61,189
Errol,5,140
Ervin,92,167
Erwin,50,167
Eryn,26,168
Esmeralda,23,156
Esperanza,56,177
Essie,91,181
Esta,58,145
Esteban,57,185
Estefana,88,186
Estela,65,192
Estell,10,172
Estella,22,142
Estelle,15,172
Ester,18,177
Esther,32,193
Estrella,21,188
Etha,16,158
Ethan,81,152
Ethel,68,172
Ethelene,5,170
Ethelyn,60,194
Ethyl,88,156
Etsuko,24,158
Etta,69,199
Ettie,85,141
Eufemia,60,158
Eugena,37,176
Eugene,55,155
Eugenia,39,149
Eugenie,84,162
Eugenio,98,173
Eula,40,160
Eulah,38,170
Eulalia,66,140
Eun,41,177
Euna,37,155
Eunice,38,140
Eura,81,179
Eusebia,60,190
Eusebio,45,182
Eustolia,88,165
Eva,73,194
Evalyn,61,177
Evan,73,152
Evangelina,92,157
Evangeline,17,197
Eve,13,188
Evelia,100,189
Evelin,37,178
Evelina,41,180
Eveline,41,171
Evelyn,31,197
Evelyne,51,185
Evelynn,78,142
Everett,84,170
Everette,42,157
Evette,51,158
Evia,69,144
Evie,87,175
Evita,20,160
Evon,39,165
Evonne,78,198
Ewa,37,183
Exie,38,159
Ezekiel,14,149
Ezequiel,46,142
Ezra,55,175
Fabian,50,180
Fabiola,15,176
Fae,63,148
Fairy,34,199
Faith,78,180
Fallon,35,154
Fannie,80,185
Fanny,50,195
Farah,14,169
Farrah,45,156
Fatima,77,177
Fatimah,30,153
Faustina,24,161
Faustino,36,153
Fausto,73,198
Faviola,68,191
Fawn,73,146
Fay,12,186
Faye,25,141
Fe,80,171
Federico,1,143
Felecia,25,140
Felica,38,151
Felice,65,164
Felicia,82,171
Felicidad,57,176
Felicita,6,165
Felicitas,47,153
Felipa,5,198
Felipe,5,156
Felisa,67,191
Felisha,42,193
Felix,40,175
Felton,8,199
Ferdinand,54,142
Fermin,51,192
Fermina,58,152
Fern,86,149
Fernanda,68,158
Fernande,33,182
Fernando,26,186
Ferne,10,147
Fidel,75,198
Fidela,66,170
Fidelia,15,145
Filiberto,4,167
Filomena,3,181
Fiona,84,160
Flavia,10,166
Fleta,48,154
Fletcher,75,160
Flo,19,197
Flor,24,155
Flora,16,160
Florance,98,188
Florence,39,168
Florencia,4,178
Florencio,1,143
Florene,65,172
Florentina,71,145
Florentino,8,187
Floretta,43,145
Floria,60,157
Florida,37,195
Florinda,81,149
Florine,98,161
Florrie,43,149
Flossie,25,144
Floy,65,183
Floyd,73,179
Fonda,40,143
Forest,16,186
Forrest,28,163
Foster,76,172
Fran,1,148
France,10,153
Francene,16,168
Frances,94,195
Francesca,66,188
Francesco,34,176
Franchesca,26,178
Francie,70,176
Francina,74,172
Francine,54,169
Francis,77,150
Francisca,65,143
Francisco,9,142
Francoise,59,180
Frank,95,178
Frankie,76,175
Franklin,24,165
Franklyn,68,180
Fransisca,81,197
Fred,78,153
Freda,44,156
Fredda,8,145
Freddie,87,157
Freddy,95,166
Frederic,53,141
Frederica,13,177
Frederick,74,153
Fredericka,93,182
Fredia,94,145
Fredric,95,181
Fredrick,72,187
Fredricka,48,144
Freeda,2,149
Freeman,84,155
Freida,7,179
Frida,0,196
Frieda,54,167
Fritz,43,155
Fumiko,23,194
Gabriel,26,195
Gabriela,73,188
Gabriele,42,181
Gabriella,92,190
Gabrielle,34,169
Gail,2,162
Gala,4,182
Gale,4,144
Galen,52,195
Galina,12,145
Garfield,18,142
Garland,84,188
Garnet,86,148
Garnett,10,180
Garret,29,155
Garrett,90,195
Garry,98,142
Garth,79,163
Gary,77,144
Gaston,40,179
Gavin,14,147
Gay,66,143
Gaye,32,197
Gayla,56,190
Gayle,34,197
Gaylene,6,150
Gaylord,3,140
Gaynell,12,163
Gaynelle,54,157
Gearldine,32,167
Gema,36,145
Gemma,32,179
Gena,67,142
Genaro,76,152
Gene,11,149
Genesis,6,157
Geneva,81,168
Genevie,15,181
Genevieve,78,183
Genevive,7,157
Genia,99,184
Genie,50,140
Genna,13,174
Gennie,23,176
Genny,32,142
Genoveva,73,149
Geoffrey,0,176
Georgann,95,145
George,2,190
Georgeann,49,192
Georgeanna,26,191
Georgene,33,164
Georgetta,58,191
Georgette,95,180
Georgia,66,162
Georgiana,11,194
Georgiann,8,159
Georgianna,7,170
Georgianne,88,169
Georgie,20,156
Georgina,10,186
Georgine,95,159
Gerald,95,196
Geraldine,93,174
Geraldo,11,171
Geralyn,6,161
Gerard,57,181
Gerardo,2,157
Gerda,52,196
Geri,45,173
Germaine,69,147
German,11,158
Gerri,79,194
Gerry,48,177
Gertha,66,197
Gertie,80,178
Gertrud,16,178
Gertrude,66,178
Gertrudis,44,169
Gertude,2,144
Ghislaine,97,157
Gia,17,152
Gianna,30,194
Gidget,41,145
Gigi,63,165
Gil,1,169
Gilbert,56,159
Gilberte,95,169
Gilberto,58,187
Gilda,72,158
Gillian,76,148
Gilma,100,159
Gina,93,187
Ginette,39,180
Ginger,62,154
Ginny,83,143
Gino,50,164
Giovanna,91,190
Giovanni,95,188
Gisela,88,189
Gisele,56,156
Giselle,31,187
Gita,3,145
Giuseppe,69,176
Giuseppina,58,183
Gladis,84,165
Glady,60,152
Gladys,79,157
Glayds,67,197
Glen,91,157
Glenda,20,146
Glendora,90,140
Glenn,100,188
Glenna,21,169
Glennie,1,158
Glennis,68,159
Glinda,70,157
Gloria,82,196
Glory,97,180
Glynda,88,164
Glynis,25,190
Golda,42,172
Golden,70,154
Goldie,21,193
Gonzalo,46,189
Gordon,11,156
Grace,86,153
Gracia,93,144
Gracie,11,157
Graciela,78,145
Grady,65,141
Graham,96,149
Graig,16,176
Grant,35,159
Granville,43,195
Grayce,44,147
Grazyna,64,170
Greg,50,168
Gregg,61,189
Gregoria,3,198
Gregorio,8,157
Gregory,21,197
Greta,66,145
Gretchen,9,173
Gretta,34,169
Gricelda,61,196
Grisel,71,195
Griselda,37,195
Grover,10,189
Guadalupe,22,193
Gudrun,11,168
Guillermina,77,192
Guillermo,30,151
Gus,81,196
Gussie,81,190
Gustavo,67,157
Guy,82,172
Gwen,60,159
Gwenda,78,188
Gwendolyn,27,199
Gwenn,57,193
Gwyn,73,168
Gwyneth,92,161
Ha,25,183
Hae,26,192
Hai,56,142
Hailey,87,158
Hal,27,147
Haley,94,197
Halina,0,161
Halley,39,155
Hallie,98,144
Han,99,142
Hana,5,172
Hang,67,172
Hanh,5,180
Hank,31,198
Hanna,24,189
Hannah,84,192
Hannelore,11,161
Hans,50,164
Harlan,13,181
Harland,51,158
Harley,29,142
Harmony,94,158
Harold,82,180
Harriet,93,184
Harriett,88,190
Harriette,83,182
Harris,20,142
Harrison,89,166
Harry,69,156
Harvey,90,192
Hassan,64,170
Hassie,75,149
Hattie,45,199
Haydee,18,148
Hayden,86,181
Hayley,72,162
Haywood,100,164
Hazel,62,162
Heath,72,150
Heather,97,150
Hector,13,146
Hedwig,89,191
Hedy,94,177
Hee,25,197
Heide,32,181
Heidi,85,146
Heidy,25,193
Heike,10,162
Helaine,92,193
Helen,17,199
Helena,8,175
Helene,97,182
Helga,18,154
Hellen,67,140
Henrietta,83,184
Henriette,57,157
Henry,96,152
Herb,44,159
Herbert,17,159
Heriberto,79,174
Herlinda,39,164
Herma,19,185
Herman,57,163
Hermelinda,84,141
Hermila,44,183
Hermina,77,197
Hermine,57,156
Herminia,97,175
Herschel,84,188
Hershel,97,155
Herta,91,181
Hertha,26,190
Hester,39,189
Hettie,78,181
Hiedi,80,185
Hien,74,149
Hilaria,82,162
Hilario,8,183
Hilary,33,189
Hilda,16,193
Hilde,14,187
Hildegard,42,173
Hildegarde,73,177
Hildred,47,155
Hillary,10,190
Hilma,10,172
Hilton,14,195
Hipolito,95,162
Hiram,50,159
Hiroko,57,175
Hisako,79,155
Hoa,37,144
Hobert,29,181
Holley,47,184
Holli,15,155
Hollie,44,170
Hollis,24,183
Holly,11,172
Homer,52,157
Honey,40,159
Hong,23,178
Hope,31,176
Horace,51,157
Horacio,16,180
Hortencia,41,183
Hortense,71,196
Hortensia,83,199
Hosea,5,172
Houston,20,158
Howard,88,186
Hoyt,57,144
Hsiu,100,189
Hubert,71,176
Hue,97,188
Huey,66,179
Hugh,14,163
Hugo,65,175
Hui,27,197
Hulda,84,147
Humberto,47,141
Hung,60,196
Hunter,91,183
Huong,86,196
Hwa,84,140
Hyacinth,90,187
Hye,73,145
Hyman,37,184
Hyo,4,173
Hyon,62,140
Hyun,47,173
Ian,11,158
Ida,98,193
Idalia,51,166
Idell,46,184
Idella,97,142
Iesha,15,159
Ignacia,14,148
Ignacio,83,145
Ike,15,169
Ila,62,151
Ilana,70,173
Ilda,8,161
Ileana,88,182
Ileen,61,155
Ilene,32,150
Iliana,37,146
Illa,38,180
Ilona,74,186
Ilse,89,181
Iluminada,92,185
Ima,62,152
Imelda,65,169
Imogene,48,181
In,5,188
Ina,60,193
India,21,198
Indira,16,159
Inell,86,188
Ines,93,198
Inez,66,174
Inga,26,183
Inge,23,152
Ingeborg,43,172
Inger,70,185
Ingrid,36,194
Inocencia,29,159
Iola,98,182
Iona,18,171
Ione,19,179
Ira,6,183
Iraida,100,162
Irena,61,151
Irene,40,168
Irina,82,173
Iris,75,174
Irish,57,141
Irma,27,184
Irmgard,60,173
Irvin,99,152
Irving,55,142
Irwin,35,155
Isa,73,146
Isaac,32,192
Isabel,25,167
Isabell,52,195
Isabella,81,175
Isabelle,64,157
Isadora,80,172
Isaiah,87,152
Isaias,6,184
Isaura,18,151
Isela,27,195
Isiah,1,159
Isidra,43,160
Isidro,79,149
Isis,24,152
Ismael,36,152
Isobel,11,196
Israel,43,178
Isreal,17,160
Issac,71,167
Iva,35,147
Ivan,40,148
Ivana,91,161
Ivelisse,58,144
Ivette,92,169
Ivey,23,163
Ivonne,51,184
Ivory,63,190
Ivy,59,183
Izetta,67,142
Izola,69,151
Ja,11,198
Jacalyn,74,141
Jacelyn,80,149
Jacinda,81,165
Jacinta,50,179
Jacinto,72,193
Jack,2,156
Jackeline,54,170
Jackelyn,37,183
Jacki,81,160
Jackie,26,167
Jacklyn,94,159
Jackqueline,28,179
Jackson,57,162
Jaclyn,60,168
Jacob,49,149
Jacqualine,43,178
Jacque,16,170
Jacquelin,60,192
Jacqueline,41,177
Jacquelyn,8,152
Jacquelyne,80,170
Jacquelynn,60,167
Jacques,34,141
Jacquetta,51,146
Jacqui,73,140
Jacquie,50,154
Jacquiline,81,160
Jacquline,56,199
Jacqulyn,63,170
Jada,65,182
Jade,31,150
Jadwiga,99,154
Jae,65,175
Jaime,99,164
Jaimee,47,170
Jaimie,31,191
Jake,99,157
Jaleesa,68,146
Jalisa,52,145
Jama,36,196
Jamaal,86,169
Jamal,83,144
Jamar,44,166
Jame,42,183
Jamee,90,164
Jamel,45,195
James,82,196
Jamey,13,185
Jami,95,148
Jamie,78,174
Jamika,47,172
Jamila,70,178
Jamison,67,177
Jammie,30,155
Jan,40,146
Jana,22,189
Janae,50,188
Janay,83,160
Jane,18,157
Janean,91,157
Janee,79,191
Janeen,1,159
Janel,13,174
Janell,21,177
Janella,62,160
Janelle,73,153
Janene,51,141
Janessa,73,162
Janet,87,164
Janeth,11,173
Janett,10,189
Janetta,20,156
Janette,86,185
Janey,84,175
Jani,88,157
Janice,57,197
Janie,26,181
Janiece,91,140
Janina,14,145
Janine,93,168
Janis,90,151
Janise,10,183
Janita,28,161
Jann,87,147
Janna,51,194
Jannet,82,177
Jannette,5,149
Jannie,21,187
January,17,191
Janyce,48,152
Jaqueline,95,195
Jaquelyn,53,199
Jared,66,175
Jarod,16,192
Jarred,66,182
Jarrett,60,185
Jarrod,10,176
Jarvis,66,199
Jasmin,18,144
Jasmine,79,169
Jason,17,189
Jasper,31,192
Jaunita,89,180
Javier,13,149
Jay,88,172
Jaye,97,150
Jayme,30,153
Jaymie,0,177
Jayna,58,180
Jayne,21,146
Jayson,13,184
Jazmin,40,188
Jazmine,62,157
Jc,96,196
Jean,21,177
Jeana,54,142
Jeane,21,199
Jeanelle,40,194
Jeanene,51,182
Jeanett,15,153
Jeanetta,45,158
Jeanette,78,154
Jeanice,76,191
Jeanie,47,175
Jeanine,88,145
Jeanmarie,30,158
Jeanna,66,198
Jeanne,77,175
Jeannetta,31,143
Jeannette,73,190
Jeannie,34,150
Jeannine,74,149
Jed,16,160
Jeff,1,156
Jefferey,55,156
Jefferson,53,195
Jeffery,82,155
Jeffie,57,170
Jeffrey,63,175
Jeffry,47,150
Jen,21,174
Jena,38,163
Jenae,26,155
Jene,33,199
Jenee,12,173
Jenell,46,179
Jenelle,20,144
Jenette,47,197
Jeneva,14,181
Jeni,48,192
Jenice,23,147
Jenifer,61,145
Jeniffer,2,196
Jenine,37,144
Jenise,60,175
Jenna,51,149
Jennefer,33,142
Jennell,9,164
Jennette,77,197
Jenni,94,152
Jennie,75,169
Jennifer,48,196
Jenniffer,100,193
Jennine,13,198
Jenny,27,151
Jerald,46,143
Jeraldine,16,176
Jeramy,68,146
Jere,99,156
Jeremiah,24,167
Jeremy,39,144
Jeri,17,181
Jerica,14,165
Jerilyn,93,151
Jerlene,81,190
Jermaine,87,170
Jerold,55,171
Jerome,55,158
Jeromy,53,142
Jerrell,46,197
Jerri,5,158
Jerrica,62,146
Jerrie,53,142
Jerrod,98,190
Jerrold,72,190
Jerry,87,195
Jesenia,64,154
Jesica,18,165
Jess,100,179
Jesse,65,170
Jessenia,43,153
Jessi,30,176
Jessia,21,152
Jessica,32,175
Jessie,2,140
Jessika,77,194
Jestine,38,185
Jesus,8,143
Jesusa,50,174
Jesusita,43,181
Jetta,86,195
Jettie,86,191
Jewel,79,158
Jewell,29,196
Ji,74,167
Jill,44,165
Jillian,43,184
Jim,96,141
Jimmie,79,156
Jimmy,72,161
Jin,65,162
Jina,100,153
Jinny,8,159
Jo,3,146
Joan,10,157
Joana,100,172
Joane,10,194
Joanie,42,140
Joann,89,169
Joanna,57,192
Joanne,11,159
Joannie,42,162
Joaquin,15,141
Joaquina,96,147
Jocelyn,21,178
Jodee,22,184
Jodi,73,149
Jodie,23,194
Jody,64,157
Joe,44,174
Joeann,67,149
Joel,44,162
Joella,21,162
Joelle,36,182
Joellen,40,149
Joesph,28,188
Joetta,55,188
Joette,51,158
Joey,46,178
Johana,45,146
Johanna,84,179
Johanne,8,153
John,88,141
Johna,86,195
Johnathan,9,142
Johnathon,82,148
Johnetta,87,180
Johnette,89,164
Johnie,53,159
Johnna,84,149
Johnnie,21,152
Johnny,75,196
Johnsie,69,190
Johnson,7,191
Joi,63,149
Joie,69,176
Jolanda,38,143
Joleen,90,182
Jolene,47,186
Jolie,30,166
Joline,21,146
Jolyn,14,153
Jolynn,80,173
Jon,52,162
Jona,94,177
Jonah,51,186
Jonas,24,159
Jonathan,14,141
Jonathon,32,164
Jone,5,157
Jonell,19,155
Jonelle,50,149
Jong,60,145
Joni,88,160
Jonie,25,146
Jonna,76,188
Jonnie,80,156
Jordan,37,160
Jordon,5,169
Jorge,29,165
Jose,67,191
Josef,45,175
Josefa,72,163
Josefina,61,164
Josefine,7,182
Joselyn,83,188
Joseph,92,177
Josephina,31,188
Josephine,13,172
Josette,35,156
Josh,83,185
Joshua,78,185
Josiah,61,170
Josie,65,185
Joslyn,79,168
Jospeh,12,187
Josphine,25,159
Josue,15,141
Jovan,70,184
Jovita,22,140
Joy,92,189
Joya,35,166
Joyce,61,140
Joycelyn,59,155
Joye,46,166
Juan,20,183
Juana,10,151
Juanita,86,142
Jude,89,176
Judi,4,143
Judie,51,183
Judith,59,156
Judson,87,148
Judy,82,198
Jule,96,146
Julee,54,141
Julene,1,184
Jules,64,167
Juli,85,162
Julia,49,188
Julian,92,168
Juliana,93,160
Juliane,20,198
Juliann,34,151
Julianna,66,197
Julianne,19,157
Julie,85,149
Julieann,79,176
Julienne,86,158
Juliet,41,168
Julieta,78,173
Julietta,4,187
Juliette,58,177
Julio,25,141
Julissa,43,172
Julius,94,186
June,99,175
Jung,86,198
Junie,98,152
Junior,55,171
Junita,15,187
Junko,84,149
Justa,96,155
Justin,26,172
Justina,94,168
Justine,40,171
Jutta,3,150
Ka,47,167
Kacey,10,170
Kaci,33,197
Kacie,73,182
Kacy,32,142
Kai,3,174
Kaila,73,179
Kaitlin,53,177
Kaitlyn,27,154
Kala,81,192
Kaleigh,69,140
Kaley,45,164
Kali,87,180
Kallie,11,166
Kalyn,46,193
Kam,5,141
Kamala,0,153
Kami,45,197
Kamilah,89,171
Kandace,34,153
Kandi,51,149
Kandice,18,141
Kandis,19,176
Kandra,90,165
Kandy,86,167
Kanesha,0,197
Kanisha,73,186
Kara,21,141
Karan,2,175
Kareem,44,181
Kareen,53,142
Karen,12,160
Karena,30,183
Karey,92,172
Kari,30,184
Karie,81,149
Karima,87,191
Karin,74,176
Karina,50,196
Karine,47,198
Karisa,11,165
Karissa,19,145
Karl,6,189
Karla,28,196
Karleen,24,189
Karlene,43,174
Karly,84,170
Karlyn,39,193
Karma,66,192
Karmen,83,168
Karol,62,150
Karole,50,180
Karoline,35,189
Karolyn,19,158
Karon,79,141
Karren,59,159
Karri,32,157
Karrie,21,166
Karry,68,190
Kary,79,188
Karyl,68,193
Karyn,68,195
Kasandra,26,151
Kasey,70,185
Kasha,52,141
Kasi,35,197
Kasie,43,159
Kassandra,72,169
Kassie,56,176
Kate,49,181
Katelin,27,192
Katelyn,27,169
Katelynn,95,197
Katerine,20,152
Kathaleen,8,142
Katharina,83,162
Katharine,25,170
Katharyn,74,174
Kathe,97,184
Katheleen,80,158
Katherin,11,188
Katherina,52,156
Katherine,65,197
Kathern,74,177
Katheryn,47,185
Kathey,86,155
Kathi,2,172
Kathie,7,170
Kathleen,65,153
Kathlene,30,173
Kathline,100,190
Kathlyn,72,194
Kathrin,56,171
Kathrine,2,155
Kathryn,8,161
Kathryne,78,181
Kathy,12,199
Kathyrn,34,155
Kati,6,170
Katia,49,146
Katie,79,199
Katina,80,179
Katlyn,39,159
Katrice,9,189
Katrina,57,166
Kattie,18,150
Katy,15,178
Kay,11,168
Kayce,19,166
Kaycee,59,190
Kaye,63,150
Kayla,54,192
Kaylee,54,191
Kayleen,88,175
Kayleigh,45,182
Kaylene,24,157
Kazuko,45,184
Kecia,41,185
Keeley,17,160
Keely,60,186
Keena,26,186
Keenan,84,173
Keesha,38,171
Keiko,61,141
Keila,48,186
Keira,100,173
Keisha,2,156
Keith,68,171
Keitha,75,140
Keli,56,140
Kelle,45,145
Kellee,91,147
Kelley,95,192
Kelli,18,180
Kellie,19,154
Kelly,4,146
Kellye,69,151
Kelsey,50,152
Kelsi,72,178
Kelsie,60,161
Kelvin,36,156
Kemberly,13,191
Ken,20,192
Kena,57,191
Kenda,96,160
Kendal,38,196
Kendall,31,198
Kendra,96,183
Kendrick,17,164
Keneth,100,178
Kenia,75,189
Kenisha,46,194
Kenna,81,171
Kenneth,27,170
Kennith,52,182
Kenny,52,187
Kent,60,177
Kenton,98,154
Kenya,11,146
Kenyatta,2,141
Kenyetta,29,166
Kera,13,169
Keren,11,188
Keri,25,145
Kermit,49,197
Kerri,93,176
Kerrie,98,146
Kerry,42,181
Kerstin,41,147
Kesha,66,187
Keshia,39,171
Keturah,12,191
Keva,33,177
Keven,4,160
Kevin,3,156
Khadijah,55,177
Khalilah,80,148
Kia,95,194
Kiana,35,142
Kiara,73,196
Kiera,90,159
Kiersten,0,181
Kiesha,96,169
Kieth,48,144
Kiley,47,180
Kim,81,151
Kimber,94,156
Kimberely,38,170
Kimberlee,14,158
Kimberley,9,175
Kimberli,58,150
Kimberlie,96,157
Kimberly,75,169
Kimbery,27,169
Kimbra,50,142
Kimi,93,140
Kimiko,100,199
Kina,26,166
Kindra,86,140
King,57,170
Kip,44,163
Kira,76,145
Kirby,50,147
Kirk,51,146
Kirsten,23,153
Kirstie,97,143
Kirstin,89,181
Kisha,66,160
Kit,10,158
Kittie,27,156
Kitty,23,165
Kiyoko,43,185
Kizzie,95,185
Kizzy,58,144
Klara,29,186
Korey,57,187
Kori,76,166
Kortney,2,179
Kory,12,151
Kourtney,48,149
Kraig,70,186
Kris,49,169
Krishna,64,141
Krissy,54,178
Krista,43,140
Kristal,99,168
Kristan,83,148
Kristeen,47,187
Kristel,2,185
Kristen,12,187
Kristi,30,184
Kristian,87,179
Kristie,89,159
Kristin,7,142
Kristina,99,161
Kristine,64,185
Kristle,71,199
Kristofer,61,151
Kristopher,43,198
Kristy,1,164
Kristyn,11,180
Krysta,16,168
Krystal,13,168
Krysten,97,177
Krystin,42,152
Krystina,99,172
Krystle,34,177
Krystyna,8,175
Kum,40,149
Kurt,0,176
Kurtis,68,181
Kyla,90,163
Kyle,97,182
Kylee,8,182
Kylie,22,158
Kym,44,153
Kymberly,48,143
Kyoko,95,179
Kyong,9,140
Kyra,53,178
Kyung,82,176
Lacey,74,155
Lachelle,17,177
Laci,50,191
Lacie,29,174
Lacresha,94,156
Lacy,48,163
Ladawn,44,140
Ladonna,97,186
Lady,84,196
Lael,14,144
Lahoma,16,187
Lai,31,144
Laila,98,197
Laine,93,179
Lajuana,88,140
Lakeesha,27,199
Lakeisha,85,140
Lakendra,48,176
Lakenya,100,188
Lakesha,59,153
Lakeshia,24,182
Lakia,43,144
Lakiesha,10,154
Lakisha,94,173
Lakita,84,192
Lala,91,156
Lamar,87,184
Lamonica,7,142
Lamont,8,160
Lan,23,187
Lana,44,194
Lance,67,154
Landon,67,198
Lane,2,142
Lanell,68,152
Lanelle,56,144
Lanette,96,149
Lang,45,143
Lani,83,170
Lanie,24,164
Lanita,44,193
Lannie,23,164
Lanny,34,190
Lanora,30,167
Laquanda,8,184
Laquita,67,158
Lara,31,156
Larae,22,197
Laraine,58,148
Laree,90,190
Larhonda,4,174
Larisa,99,145
Larissa,48,174
Larita,2,171
Laronda,78,154
Larraine,64,184
Larry,84,142
Larue,79,147
Lasandra,14,157
Lashanda,14,175
Lashandra,16,184
Lashaun,11,182
Lashaunda,30,156
Lashawn,43,148
Lashawna,97,162
Lashawnda,76,190
Lashay,53,154
Lashell,4,189
Lashon,51,183
Lashonda,70,179
Lashunda,99,156
Lasonya,20,186
Latanya,86,185
Latarsha,53,177
Latasha,3,150
Latashia,74,146
Latesha,42,168
Latia,88,163
Laticia,4,182
Latina,96,171
Latisha,83,173
Latonia,5,186
Latonya,44,153
Latoria,17,188
Latosha,66,182
Latoya,34,154
Latoyia,100,171
Latrice,61,183
Latricia,79,164
Latrina,21,145
Latrisha,23,164
Launa,53,189
Laura,40,170
Lauralee,54,172
Lauran,8,177
Laure,74,197
Laureen,20,168
Laurel,84,155
Lauren,0,199
Laurena,72,156
Laurence,78,182
Laurene,2,198
Lauretta,22,144
Laurette,71,179
Lauri,4,188
Laurice,58,148
Laurie,30,182
Laurinda,40,193
Laurine,49,184
Lauryn,38,168
Lavada,25,145
Lavelle,22,182
Lavenia,42,195
Lavera,48,159
Lavern,74,156
Laverna,85,181
Laverne,10,179
Laveta,37,164
Lavette,15,177
Lavina,11,140
Lavinia,77,149
Lavon,72,151
Lavona,54,163
Lavonda,95,164
Lavone,97,191
Lavonia,62,173
Lavonna,72,183
Lavonne,61,144
Lawana,43,155
Lawanda,80,153
Lawanna,32,180
Lawerence,50,150
Lawrence,11,167
Layla,4,179
Layne,95,178
Lazaro,29,165
Le,28,166
Lea,83,196
Leah,30,176
Lean,54,175
Leana,25,192
Leandra,80,193
Leandro,41,166
Leann,21,166
Leanna,25,193
Leanne,37,175
Leanora,25,157
Leatha,60,181
Leatrice,95,154
Lecia,27,155
Leda,99,194
Lee,13,178
Leeann,13,141
Leeanna,29,165
Leeanne,80,195
Leena,8,179
Leesa,30,149
Leia,52,195
Leida,82,193
Leif,95,145
Leigh,93,150
Leigha,95,176
Leighann,60,191
Leila,66,186
Leilani,47,165
Leisa,80,199
Leisha,13,172
Lekisha,44,190
Lela,96,140
Lelah,43,172
Leland,23,141
Lelia,13,148
Lemuel,1,176
Len,23,141
Lena,57,194
Lenard,87,155
Lenita,56,191
Lenna,53,178
Lennie,84,183
Lenny,33,154
Lenora,65,199
Lenore,64,189
Leo,23,181
Leola,30,195
Leoma,46,182
Leon,93,177
Leona,100,146
Leonard,77,182
Leonarda,24,158
Leonardo,22,180
Leone,7,162
Leonel,93,199
Leonia,66,154
Leonida,39,181
Leonie,34,148
Leonila,90,183
Leonor,20,157
Leonora,56,176
Leonore,55,187
Leontine,61,169
Leopoldo,37,183
Leora,94,150
Leota,51,182
Lera,16,199
Leroy,46,199
Les,97,178
Lesa,16,151
Lesha,95,172
Lesia,95,159
Leslee,100,178
Lesley,46,149
Lesli,47,183
Leslie,35,197
Lessie,80,180
Lester,75,179
Leta,41,173
Letha,81,181
Leticia,12,173
Letisha,63,188
Letitia,81,148
Lettie,24,141
Letty,48,143
Levi,90,161
Lewis,77,191
Lexie,26,170
Lezlie,93,176
Li,75,194
Lia,31,156
Liana,55,185
Liane,88,156
Lianne,71,191
Libbie,18,159
Libby,14,195
Liberty,40,187
Librada,56,166
Lida,58,157
Lidia,96,164
Lien,41,152
Lieselotte,71,193
Ligia,26,163
Lila,8,151
Lili,1,150
Lilia,55,198
Lilian,64,183
Liliana,7,160
Lilla,20,149
Lilli,66,173
Lillia,95,174
Lilliam,80,197
Lillian,57,168
Lilliana,65,198
Lillie,27,142
Lilly,26,160
Lily,77,166
Lin,99,194
Lina,62,147
Lincoln,43,180
Linda,90,174
Lindsay,24,199
Lindsey,62,145
Lindsy,34,149
Lindy,18,197
Linette,26,189
Ling,61,186
Linh,84,169
Linn,46,165
Linnea,81,143
Linnie,26,165
Lino,82,170
Linsey,66,140
Linwood,29,170
Lionel,59,169
Lisa,80,173
Lisabeth,22,140
Lisandra,1,190
Lisbeth,16,160
Lise,7,162
Lisette,96,196
Lisha,71,175
Lissa,97,196
Lissette,49,174
Lita,68,149
Livia,37,185
Liz,56,160
Liza,4,158
Lizabeth,100,143
Lizbeth,88,195
Lizeth,23,160
Lizette,31,151
Lizzette,93,187
Lizzie,43,159
Lloyd,75,188
Loan,1,148
Logan,21,148
Loida,45,157
Lois,23,184
Loise,21,144
Lola,31,180
Lolita,68,149
Loma,74,151
Lon,84,176
Lona,81,149
Londa,49,150
Long,24,163
Loni,71,148
Lonna,25,168
Lonnie,34,171
Lonny,82,179
Lora,52,191
Loraine,29,148
Loralee,58,196
Lore,33,144
Lorean,77,153
Loree,24,194
Loreen,46,161
Lorelei,76,179
Loren,32,164
Lorena,8,189
Lorene,35,169
Lorenza,81,146
Lorenzo,67,151
Loreta,27,168
Loretta,51,199
Lorette,91,150
Lori,88,190
Loria,90,181
Loriann,95,152
Lorie,2,161
Lorilee,30,192
Lorina,82,190
Lorinda,71,154
Lorine,67,159
Loris,96,188
Lorita,41,169
Lorna,38,155
Lorraine,85,183
Lorretta,95,143
Lorri,94,171
Lorriane,24,195
Lorrie,59,173
Lorrine,8,180
Lory,32,181
Lottie,74,152
Lou,56,186
Louann,60,162
Louanne,99,183
Louella,76,153
Louetta,97,199
Louie,44,161
Louis,47,161
Louisa,3,178
Louise,53,151
Loura,58,189
Lourdes,24,180
Lourie,99,167
Louvenia,77,149
Love,55,176
Lovella,37,155
Lovetta,31,186
Lovie,10,198
Lowell,26,184
Loyce,32,182
Loyd,96,192
Lu,49,176
Luana,63,174
Luann,6,191
Luanna,83,168
Luanne,0,185
Luba,74,150
Lucas,60,169
Luci,45,193
Lucia,90,145
Luciana,57,198
Luciano,81,164
Lucie,20,142
Lucien,78,177
Lucienne,51,161
Lucila,72,177
Lucile,12,149
Lucilla,9,157
Lucille,73,169
Lucina,96,192
Lucinda,81,186
Lucio,87,158
Lucius,98,192
Lucrecia,70,144
Lucretia,91,184
Lucy,97,174
Ludie,1,173
Ludivina,99,193
Lue,12,182
Luella,19,176
Luetta,40,198
Luigi,74,176
Luis,91,170
Luisa,75,186
Luise,89,186
Luke,31,184
Lula,27,141
Lulu,48,178
Luna,55,156
Lupe,0,178
Lupita,78,190
Lura,43,164
Lurlene,33,188
Lurline,8,173
Luther,64,199
Luvenia,65,169
Luz,91,185
Lyda,49,143
Lydia,63,179
Lyla,97,154
Lyle,13,143
Lyman,86,147
Lyn,34,184
Lynda,44,199
Lyndia,89,161
Lyndon,39,147
Lyndsay,90,188
Lyndsey,87,166
Lynell,65,175
Lynelle,47,190
Lynetta,10,162
Lynette,29,186
Lynn,2,190
Lynna,23,142
Lynne,57,156
Lynnette,99,146
Lynsey,2,187
Lynwood,73,151
Ma,94,169
Mabel,22,173
Mabelle,59,182
Mable,33,166
Mac,17,193
Machelle,76,179
Macie,95,164
Mack,78,150
Mackenzie,44,186
Macy,8,144
Madalene,87,152
Madaline,99,180
Madalyn,73,160
Maddie,91,181
Madelaine,42,193
Madeleine,54,185
Madelene,15,196
Madeline,4,149
Madelyn,11,143
Madge,33,181
Madie,47,196
Madison,65,153
Madlyn,52,178
Madonna,11,189
Mae,5,171
Maegan,36,162
Mafalda,61,199
Magali,52,143
Magaly,10,182
Magan,98,190
Magaret,34,176
Magda,97,152
Magdalen,58,193
Magdalena,73,191
Magdalene,4,150
Magen,56,193
Maggie,19,199
Magnolia,46,178
Mahalia,37,163
Mai,44,164
Maia,65,160
Maida,36,186
Maile,92,168
Maira,2,175
Maire,87,194
Maisha,40,186
Maisie,62,171
Major,88,140
Majorie,8,174
Makeda,68,162
Malcolm,30,160
Malcom,12,190
Malena,7,164
Malia,50,155
Malik,94,161
Malika,2,191
Malinda,96,140
Malisa,76,170
Malissa,1,151
Malka,31,179
Mallie,98,172
Mallory,13,150
Malorie,0,180
Malvina,15,186
Mamie,10,167
Mammie,98,166
Man,50,148
Mana,40,144
Manda,100,150
Mandi,23,154
Mandie,84,157
Mandy,16,170
Manie,53,160
Manual,55,181
Manuel,89,191
Manuela,20,175
Many,49,156
Mao,68,146
Maple,94,186
Mara,53,147
Maragaret,96,163
Maragret,68,167
Maranda,20,166
Marc,62,192
Marcel,23,178
Marcela,49,158
Marcelene,34,155
Marcelina,92,173
Marceline,62,182
Marcelino,99,191
Marcell,29,169
Marcella,10,142
Marcelle,9,141
Marcellus,29,144
Marcelo,82,146
Marcene,15,175
Marchelle,10,145
Marci,55,174
Marcia,81,140
Marcie,50,147
Marco,97,161
Marcos,57,144
Marcus,97,198
Marcy,37,140
Mardell,18,164
Maren,36,168
Marg,52,175
Margaret,82,169
Margareta,83,183
Margarete,43,140
Margarett,48,197
Margaretta,16,153
Margarette,85,152
Margarita,77,191
Margarite,13,149
Margarito,70,180
Margart,51,164
Marge,59,176
Margene,96,147
Margeret,38,168
Margert,76,184
Margery,99,144
Marget,31,177
Margherita,30,187
Margie,89,193
Margit,73,152
Margo,50,165
Margorie,10,180
Margot,73,179
Margret,98,143
Margrett,85,199
Marguerita,53,175
Marguerite,7,164
Margurite,92,144
Margy,19,159
Marhta,19,184
Mari,38,180
Maria,99,198
Mariah,85,189
Mariam,68,153
Marian,38,177
Mariana,43,149
Marianela,74,181
Mariann,42,181
Marianna,43,173
Marianne,78,157
Mariano,76,174
Maribel,1,189
Maribeth,3,140
Marica,67,171
Maricela,40,166
Maricruz,35,199
Marie,17,142
Mariel,86,183
Mariela,82,157
Mariella,39,158
Marielle,48,150
Marietta,25,182
Mariette,44,164
Mariko,98,145
Marilee,45,152
Marilou,44,199
Marilu,50,194
Marilyn,8,183
Marilynn,27,155
Marin,39,143
Marina,14,196
Marinda,92,181
Marine,59,188
Mario,43,144
Marion,25,175
Maris,26,146
Marisa,100,188
Marisela,0,199
Marisha,27,150
Marisol,30,192
Marissa,51,185
Marita,78,144
Maritza,24,175
Marivel,42,172
Marjorie,27,167
Marjory,27,156
Mark,40,154
Marketta,26,190
Markita,41,199
Markus,98,161
Marla,7,197
Marlana,34,187
Marleen,28,164
Marlen,9,175
Marlena,4,149
Marlene,70,190
Marlin,14,177
Marline,6,178
Marlo,98,177
Marlon,76,171
Marlyn,18,141
Marlys,57,167
Marna,80,161
Marni,45,181
Marnie,15,170
Marquerite,100,179
Marquetta,83,163
Marquis,30,155
Marquita,70,144
Marquitta,28,149
Marry,13,196
Marsha,26,192
Marshall,91,161
Marta,58,156
Marth,22,145
Martha,15,156
Marti,2,165
Martin,82,171
Martina,77,194
Martine,75,180
Marty,10,196
Marva,21,189
Marvel,69,143
Marvella,1,142
Marvin,31,172
Marvis,17,174
Marx,86,166
Mary,21,145
Marya,68,144
Maryalice,23,180
Maryam,20,149
Maryann,22,149
Maryanna,78,146
Maryanne,40,192
Marybelle,21,195
Marybeth,25,160
Maryellen,72,174
Maryetta,31,178
Maryjane,72,185
Maryjo,81,155
Maryland,54,161
Marylee,65,180
Marylin,37,189
Maryln,79,144
Marylou,37,159
Marylouise,6,185
Marylyn,85,170
Marylynn,44,173
Maryrose,12,164
Masako,72,140
Mason,45,196
Matha,49,145
Mathew,7,143
Mathilda,7,189
Mathilde,66,154
Matilda,22,155
Matilde,28,157
Matt,21,149
Matthew,89,168
Mattie,49,148
Maud,46,189
Maude,90,192
Maudie,16,154
Maura,15,196
Maureen,50,151
Maurice,31,153
Mauricio,99,168
Maurine,96,167
Maurita,16,147
Mauro,47,191
Mavis,27,142
Max,79,183
Maxie,23,159
Maxima,67,144
Maximina,75,177
Maximo,79,148
Maxine,71,144
Maxwell,2,159
May,63,158
Maya,40,153
Maybell,20,165
Maybelle,78,171
Maye,53,177
Mayme,69,184
Maynard,54,192
Mayola,66,148
Mayra,71,149
Mazie,50,159
Mckenzie,70,174
Mckinley,4,146
Meagan,95,145
Meaghan,92,143
Mechelle,48,153
Meda,85,162
Mee,13,151
Meg,4,167
Megan,63,193
Meggan,43,172
Meghan,52,189
Meghann,100,158
Mei,21,166
Mel,82,185
Melaine,24,186
Melani,95,148
Melania,41,178
Melanie,35,198
Melany,63,168
Melba,81,169
Melda,24,181
Melia,72,183
Melida,34,156
Melina,76,150
Melinda,21,186
Melisa,12,166
Melissa,0,157
Melissia,66,178
Melita,62,173
Mellie,42,185
Mellisa,50,154
Mellissa,59,154
Melodee,23,170
Melodi,16,180
Melodie,37,144
Melody,8,181
Melonie,38,162
Melony,36,184
Melva,72,149
Melvin,74,198
Melvina,67,147
Melynda,82,186
Mendy,60,198
Mercedes,53,182
Mercedez,68,143
Mercy,60,191
Meredith,42,144
Meri,23,177
Merideth,46,172
Meridith,35,159
Merilyn,24,182
Merissa,87,176
Merle,41,144
Merlene,21,155
Merlin,42,144
Merlyn,24,169
Merna,88,171
Merri,30,171
Merrie,55,144
Merrilee,15,143
Merrill,68,183
Merry,39,179
Mertie,10,174
Mervin,6,197
Meryl,34,163
Meta,52,183
Mi,25,193
Mia,6,175
Mica,95,184
Micaela,64,171
Micah,49,183
Micha,82,190
Michael,26,187
Michaela,99,167
Michaele,13,197
Michal,6,154
Michale,79,146
Micheal,79,167
Michel,5,161
Michele,15,154
Michelina,84,194
Micheline,4,175
Michell,83,143
Michelle,63,173
Michiko,90,182
Mickey,6,173
Micki,79,151
Mickie,38,170
Miesha,87,153
Migdalia,99,169
Mignon,36,186
Miguel,10,149
Miguelina,21,171
Mika,48,141
Mikaela,59,173
Mike,96,183
Mikel,47,159
Miki,22,168
Mikki,25,150
Mila,11,165
Milagro,8,149
Milagros,62,158
Milan,60,191
Milda,83,159
Mildred,73,159
Miles,19,155
Milford,34,197
Milissa,41,195
Millard,43,164
Millicent,73,155
Millie,58,174
Milly,82,175
Milo,6,142
Milton,96,145
Mimi,11,199
Min,34,162
Mina,98,190
Minda,32,146
Mindi,10,179
Mindy,26,186
Minerva,59,174
Ming,73,169
Minh,76,198
Minna,74,174
Minnie,94,153
Minta,94,182
Miquel,30,194
Mira,49,190
Miranda,12,171
Mireille,86,171
Mirella,13,172
Mireya,11,143
Miriam,3,190
Mirian,16,188
Mirna,11,191
Mirta,68,167
Mirtha,16,162
Misha,77,142
Miss,99,187
Missy,70,188
Misti,63,192
Mistie,18,173
Misty,79,157
Mitch,42,155
Mitchel,15,167
Mitchell,78,189
Mitsue,98,189
Mitsuko,31,158
Mittie,13,153
Mitzi,81,163
Mitzie,76,157
Miyoko,34,154
Modesta,99,171
Modesto,80,173
Mohamed,95,187
Mohammad,49,142
Mohammed,11,178
Moira,70,152
Moises,0,157
Mollie,88,160
Molly,46,197
Mona,58,146
Monet,74,160
Monica,47,178
Monika,59,190
Monique,3,192
Monnie,17,164
Monroe,84,194
Monserrate,76,145
Monte,21,147
Monty,73,199
Moon,46,172
Mora,4,172
Morgan,90,164
Moriah,51,151
Morris,18,159
Morton,43,167
Mose,49,184
Moses,65,194
Moshe,54,191
Mozell,60,199
Mozella,77,145
Mozelle,12,150
Mui,70,168
Muoi,57,175
Muriel,41,176
Murray,25,177
My,5,175
Myesha,57,148
Myles,22,148
Myong,34,172
Myra,100,183
Myriam,12,162
Myrl,21,152
Myrle,17,186
Myrna,10,152
Myron,27,150
Myrta,72,165
Myrtice,77,187
Myrtie,55,177
Myrtis,35,173
Myrtle,40,161
Myung,69,179
Na,54,151
Nada,84,195
Nadene,78,175
Nadia,6,160
Nadine,62,195
Naida,72,167
Nakesha,62,177
Nakia,35,165
Nakisha,14,154
Nakita,38,167
Nam,38,153
Nan,0,140
Nana,26,190
Nancee,32,197
Nancey,65,165
Nanci,38,191
Nancie,30,167
Nancy,39,193
Nanette,91,186
Nannette,36,158
Nannie,36,182
Naoma,98,193
Naomi,17,154
Napoleon,41,153
Narcisa,21,177
Natacha,52,180
Natalia,65,169
Natalie,53,191
Natalya,72,190
Natasha,38,168
Natashia,57,170
Nathalie,72,170
Nathan,85,175
Nathanael,49,189
Nathanial,5,165
Nathaniel,64,197
Natisha,45,146
Natividad,83,150
Natosha,60,188
Neal,9,159
Necole,56,176
Ned,79,185
Neda,14,154
Nedra,79,187
Neely,77,149
Neida,32,179
Neil,85,169
Nelda,95,162
Nelia,10,185
Nelida,83,186
Nell,28,161
Nella,74,158
Nelle,7,175
Nellie,81,161
Nelly,44,186
Nelson,40,182
Nena,15,183
Nenita,71,190
Neoma,42,172
Neomi,84,151
Nereida,87,182
Nerissa,1,188
Nery,45,172
Nestor,39,165
Neta,4,187
Nettie,67,190
Neva,41,154
Nevada,100,180
Neville,6,189
Newton,84,144
Nga,64,153
Ngan,6,179
Ngoc,30,152
Nguyet,21,159
Nia,12,180
Nichelle,1,199
Nichol,27,198
Nicholas,54,165
Nichole,3,151
Nicholle,35,193
Nick,0,172
Nicki,95,145
Nickie,39,176
Nickolas,53,142
Nickole,7,164
Nicky,77,155
Nicol,14,198
Nicola,39,177
Nicolas,19,189
Nicolasa,77,181
Nicole,34,141
Nicolette,51,173
Nicolle,61,168
Nida,28,179
Nidia,31,163
Niesha,36,149
Nieves,7,191
Nigel,12,171
Niki,4,170
Nikia,42,192
Nikita,18,187
Nikki,36,166
Nikole,52,142
Nila,98,167
Nilda,87,160
Nilsa,18,161
Nina,26,172
Ninfa,86,173
Nisha,36,159
Nita,40,196
Noah,72,173
Noble,99,140
Nobuko,29,174
Noe,44,140
Noel,13,172
Noelia,28,184
Noella,23,160
Noelle,78,167
Noemi,16,171
Nohemi,95,172
Nola,30,189
Nolan,13,167
Noma,64,189
Nona,97,184
Nora,4,196
Norah,99,194
Norbert,24,148
Norberto,16,165
Noreen,87,142
Norene,24,181
Noriko,56,168
Norine,66,190
Norma,4,175
Norman,35,181
Normand,91,181
Norris,49,172
Nova,53,181
Novella,7,144
Nu,3,192
Nubia,52,140
Numbers,79,170
Nydia,44,140
Nyla,3,162
Obdulia,70,180
Ocie,20,167
Octavia,99,192
Octavio,81,198
Oda,4,176
Odelia,52,190
Odell,6,159
Odessa,90,174
Odette,5,177
Odilia,64,171
Odis,25,162
Ofelia,100,169
Ok,2,149
Ola,21,192
Olen,85,168
Olene,98,182
Oleta,1,163
Olevia,23,143
Olga,50,192
Olimpia,59,167
Olin,84,140
Olinda,92,146
Oliva,62,173
Olive,87,171
Oliver,88,178
Olivia,84,191
Ollie,2,189
Olympia,6,183
Oma,96,146
Omar,93,151
Omega,76,141
Omer,45,143
Ona,62,158
Oneida,1,196
Onie,84,188
Onita,12,145
Opal,40,157
Ophelia,68,166
Ora,74,158
Oralee,8,169
Oralia,13,149
Oren,59,155
Oretha,52,156
Orlando,99,147
Orpha,15,186
Orval,70,180
Orville,14,168
Oscar,91,154
Ossie,61,155
Osvaldo,0,183
Oswaldo,12,151
Otelia,82,146
Otha,26,165
Otilia,69,146
Otis,67,183
Otto,28,185
Ouida,33,143
Owen,40,164
Ozell,11,191
Ozella,36,176
Ozie,64,182
Pa,30,151
Pablo,9,169
Page,93,189
Paige,30,140
Palma,87,153
Palmer,26,192
Palmira,31,188
Pam,92,156
Pamala,18,172
Pamela,43,175
Pamelia,79,178
Pamella,9,184
Pamila,32,193
Pamula,59,194
Pandora,24,180
Pansy,36,160
Paola,9,199
Paris,74,147
Parker,30,160
Parthenia,41,186
Particia,14,179
Pasquale,7,194
Pasty,31,149
Pat,3,161
Patience,74,173
Patria,3,157
Patrica,34,167
Patrice,90,142
Patricia,0,146
Patrick,46,191
Patrina,77,142
Patsy,28,149
Patti,44,181
Pattie,35,164
Patty,31,157
Paul,37,162
Paula,38,199
Paulene,93,176
Pauletta,26,176
Paulette,32,140
Paulina,25,158
Pauline,40,184
Paulita,64,174
Paz,26,153
Pearl,87,196
Pearle,61,145
Pearlene,11,195
Pearlie,23,163
Pearline,96,178
Pearly,62,164
Pedro,68,178
Peg,97,159
Peggie,11,191
Peggy,13,151
Pei,56,187
Penelope,42,175
Penney,6,161
Penni,26,147
Pennie,4,155
Penny,50,189
Percy,24,183
Perla,51,151
Perry,66,171
Pete,80,190
Peter,91,151
Petra,33,164
Petrina,55,159
Petronila,40,198
Phebe,36,141
Phil,51,152
Philip,95,165
Phillip,6,172
Phillis,3,193
Philomena,80,184
Phoebe,4,165
Phung,25,191
Phuong,48,141
Phylicia,82,186
Phylis,23,182
Phyliss,77,195
Phyllis,41,185
Pia,35,180
Piedad,78,184
Pierre,83,156
Pilar,38,186
Ping,57,179
Pinkie,15,176
Piper,96,194
Pok,38,192
Polly,82,180
Porfirio,88,155
Porsche,83,145
Porsha,90,174
Porter,3,145
Portia,6,163
Precious,36,142
Preston,73,164
Pricilla,42,164
Prince,53,191
Princess,83,171
Priscila,26,177
Priscilla,39,143
Providencia,100,179
Prudence,96,188
Pura,71,189
Qiana,40,154
Queen,52,194
Queenie,85,160
Quentin,67,189
Quiana,21,170
Quincy,76,180
Quinn,92,152
Quintin,79,166
Quinton,28,187
Quyen,5,156
Rachael,6,143
Rachal,20,151
Racheal,77,180
Rachel,45,151
Rachele,9,151
Rachell,57,153
Rachelle,71,194
Racquel,51,161
Rae,24,181
Raeann,62,150
Raelene,50,177
Rafael,54,145
Rafaela,17,151
Raguel,18,178
Raina,3,158
Raisa,56,168
Raleigh,87,161
Ralph,86,187
Ramiro,72,185
Ramon,37,185
Ramona,81,179
Ramonita,26,175
Rana,24,164
Ranae,73,176
Randa,13,197
Randal,3,174
Randall,23,142
Randee,73,140
Randell,63,199
Randi,89,149
Randolph,75,191
Randy,8,173
Ranee,7,167
Raphael,35,195
Raquel,44,148
Rashad,55,150
Rasheeda,77,149
Rashida,51,173
Raul,94,193
Raven,100,189
Ray,40,162
Raye,26,156
Rayford,82,175
Raylene,49,141
Raymon,94,157
Raymond,71,176
Raymonde,72,179
Raymundo,95,176
Rayna,46,192
Rea,61,168
Reagan,4,183
Reanna,93,196
Reatha,60,145
Reba,69,199
Rebbeca,68,169
Rebbecca,10,143
Rebeca,27,179
Rebecca,43,149
Rebecka,51,145
Rebekah,63,165
Reda,1,177
Reed,74,199
Reena,47,168
Refugia,13,178
Refugio,20,147
Regan,81,166
Regena,77,183
Regenia,86,155
Reggie,71,155
Regina,92,144
Reginald,3,171
Regine,62,146
Reginia,82,177
Reid,56,164
Reiko,25,151
Reina,65,173
Reinaldo,56,156
Reita,41,162
Rema,26,197
Remedios,28,160
Remona,58,181
Rena,66,188
Renae,98,145
Renaldo,55,156
Renata,71,196
Renate,54,160
Renato,30,190
Renay,6,177
Renda,51,186
Rene,58,191
Renea,64,197
Renee,54,177
Renetta,97,173
Renita,72,179
Renna,76,190
Ressie,10,182
Reta,22,149
Retha,89,199
Retta,17,163
Reuben,2,171
Reva,47,143
Rex,32,172
Rey,72,153
Reyes,41,182
Reyna,72,166
Reynalda,13,177
Reynaldo,41,161
Rhea,4,162
Rheba,81,194
Rhett,47,146
Rhiannon,22,159
Rhoda,62,172
Rhona,44,143
Rhonda,38,151
Ria,16,186
Ricarda,33,158
Ricardo,29,161
Rich,58,193
Richard,77,169
Richelle,98,199
Richie,43,149
Rick,77,178
Rickey,50,179
Ricki,12,190
Rickie,70,184
Ricky,27,162
Rico,61,168
Rigoberto,100,197
Rikki,2,141
Riley,65,192
Rima,1,182
Rina,21,163
Risa,59,151
Rita,35,149
Riva,88,191
Rivka,47,184
Rob,25,160
Robbi,97,192
Robbie,25,173
Robbin,94,168
Robby,77,174
Robbyn,56,140
Robena,84,151
Robert,61,197
Roberta,11,184
Roberto,67,149
Robin,42,167
Robt,55,157
Robyn,1,184
Rocco,90,168
Rochel,80,156
Rochell,85,156
Rochelle,60,174
Rocio,0,176
Rocky,82,184
Rod,18,196
Roderick,10,191
Rodger,63,192
Rodney,12,154
Rodolfo,7,187
Rodrick,75,177
Rodrigo,23,178
Rogelio,72,180
Roger,28,194
Roland,56,185
Rolanda,1,154
Rolande,79,156
Rolando,75,175
Rolf,37,166
Rolland,14,144
Roma,71,169
Romaine,44,169
Roman,7,153
Romana,94,180
Romelia,86,195
Romeo,36,163
Romona,87,196
Ron,28,168
Rona,40,142
Ronald,75,155
Ronda,37,141
Roni,43,147
Ronna,96,168
Ronni,60,153
Ronnie,19,165
Ronny,78,160
Roosevelt,5,161
Rory,27,169
Rosa,43,178
Rosalba,79,140
Rosalee,35,150
Rosalia,77,156
Rosalie,51,147
Rosalina,35,154
Rosalind,67,180
Rosalinda,15,186
Rosaline,36,169
Rosalva,87,170
Rosalyn,7,185
Rosamaria,97,155
Rosamond,16,163
Rosana,91,148
Rosann,91,160
Rosanna,60,177
Rosanne,57,163
Rosaria,46,197
Rosario,62,195
Rosaura,66,173
Roscoe,88,174
Rose,19,195
Roseann,70,144
Roseanna,39,179
Roseanne,54,156
Roselee,68,182
Roselia,56,197
Roseline,41,171
Rosella,52,155
Roselle,68,196
Roselyn,39,161
Rosemarie,26,174
Rosemary,95,157
Rosena,3,145
Rosenda,34,197
Rosendo,15,158
Rosetta,74,150
Rosette,22,193
Rosia,53,190
Rosie,85,150
Rosina,32,142
Rosio,38,150
Rosita,14,187
Roslyn,8,148
Ross,14,140
Rossana,45,181
Rossie,2,194
Rosy,67,194
Rowena,23,176
Roxana,21,150
Roxane,12,171
Roxann,13,157
Roxanna,29,190
Roxanne,81,183
Roxie,52,171
Roxy,16,157
Roy,21,152
Royal,11,172
Royce,42,156
Rozanne,38,195
Rozella,14,155
Ruben,76,146
Rubi,63,157
Rubie,66,199
Rubin,55,184
Ruby,91,176
Rubye,83,169
Rudolf,84,185
Rudolph,29,145
Rudy,42,199
Rueben,46,170
Rufina,83,186
Rufus,82,190
Rupert,1,173
Russ,87,164
Russel,70,180
Russell,60,143
Rusty,52,173
Ruth,82,196
Rutha,8,141
Ruthann,21,166
Ruthanne,96,189
Ruthe,71,179
Ruthie,71,193
Ryan,67,182
Ryann,82,149
Sabina,31,186
Sabine,57,144
Sabra,18,177
Sabrina,73,163
Sacha,44,175
Sachiko,46,190
Sade,35,176
Sadie,90,150
Sadye,55,198
Sage,26,186
Sal,100,176
Salena,17,163
Salina,100,173
Salley,9,194
Sallie,2,172
Sally,10,194
Salome,11,140
Salvador,98,176
Salvatore,36,185
Sam,0,186
Samantha,10,187
Samara,83,146
Samatha,49,190
Samella,97,142
Samira,6,150
Sammie,98,160
Sammy,20,148
Samual,2,152
Samuel,55,144
Sana,38,157
Sanda,28,189
Sandee,18,160
Sandi,53,161
Sandie,56,153
Sandra,88,195
Sandy,72,199
Sanford,74,167
Sang,70,185
Sanjuana,13,181
Sanjuanita,49,174
Sanora,82,159
Santa,0,198
Santana,9,174
Santiago,60,161
Santina,63,170
Santo,23,198
Santos,4,156
Sara,55,194
Sarah,3,194
Sarai,60,158
Saran,9,168
Sari,11,162
Sarina,41,178
Sarita,6,164
Sasha,9,155
Saturnina,81,186
Sau,95,191
Saul,28,187
Saundra,17,195
Savanna,79,167
Savannah,83,166
Scarlet,24,179
Scarlett,88,191
Scot,87,176
Scott,55,161
Scottie,29,188
Scotty,12,176
Sean,57,184
Season,33,191
Sebastian,61,181
Sebrina,6,161
See,70,145
Seema,48,157
Selena,98,195
Selene,93,169
Selina,12,190
Selma,37,145
Sena,24,164
Senaida,92,144
September,73,184
Serafina,9,170
Serena,24,172
Sergio,67,140
Serina,8,199
Serita,76,182
Seth,73,158
Setsuko,71,193
Seymour,30,172
Sha,13,188
Shad,6,144
Shae,33,158
Shaina,7,197
Shakia,12,151
Shakira,61,193
Shakita,10,172
Shala,69,157
Shalanda,66,182
Shalon,65,198
Shalonda,57,167
Shameka,21,172
Shamika,76,187
Shan,89,146
Shana,88,188
Shanae,84,153
Shanda,52,141
Shandi,13,179
Shandra,1,143
Shane,95,177
Shaneka,32,167
Shanel,8,171
Shanell,49,198
Shanelle,75,153
Shani,83,193
Shanice,72,164
Shanika,29,153
Shaniqua,94,189
Shanita,46,189
Shanna,77,174
Shannan,89,161
Shannon,48,146
Shanon,99,141
Shanta,65,184
Shantae,50,194
Shantay,64,176
Shante,74,159
Shantel,36,140
Shantell,72,165
Shantelle,7,183
Shanti,87,159
Shaquana,76,188
Shaquita,0,190
Shara,10,146
Sharan,7,199
Sharda,62,163
Sharee,67,151
Sharell,31,157
Sharen,18,192
Shari,70,164
Sharice,17,156
Sharie,30,173
Sharika,69,195
Sharilyn,42,187
Sharita,46,174
Sharla,98,162
Sharleen,19,164
Sharlene,32,153
Sharmaine,78,154
Sharolyn,88,159
Sharon,76,158
Sharonda,35,152
Sharri,94,165
Sharron,22,170
Sharyl,24,187
Sharyn,21,194
Shasta,57,165
Shaun,49,163
Shauna,63,149
Shaunda,25,175
Shaunna,92,187
Shaunta,74,148
Shaunte,78,175
Shavon,38,190
Shavonda,58,161
Shavonne,57,171
Shawana,22,147
Shawanda,10,193
Shawanna,99,185
Shawn,74,153
Shawna,67,142
Shawnda,0,151
Shawnee,1,156
Shawnna,28,146
Shawnta,94,166
Shay,91,153
Shayla,90,167
Shayna,11,161
Shayne,69,167
Shea,69,151
Sheba,43,176
Sheena,23,191
Sheila,6,177
Sheilah,93,150
Shela,24,161
Shelba,56,155
Shelby,49,181
Sheldon,91,148
Shelia,16,149
Shella,43,171
Shelley,2,195
Shelli,30,161
Shellie,54,192
Shelly,15,189
Shelton,10,178
Shemeka,72,145
Shemika,79,187
Shena,32,186
Shenika,58,181
Shenita,18,175
Shenna,18,150
Shera,44,156
Sheree,86,189
Sherell,32,191
Sheri,8,191
Sherice,38,149
Sheridan,73,146
Sherie,83,144
Sherika,19,190
Sherill,46,143
Sherilyn,70,177
Sherise,32,179
Sherita,60,156
Sherlene,24,148
Sherley,26,198
Sherly,77,154
Sherlyn,56,156
Sherman,98,171
Sheron,0,173
Sherrell,75,144
Sherri,4,168
Sherrie,70,189
Sherril,39,187
Sherrill,5,195
Sherron,46,169
Sherry,4,163
Sherryl,67,150
Sherwood,81,162
Shery,5,175
Sheryl,13,176
Sheryll,48,172
Shiela,31,176
Shila,58,190
Shiloh,10,179
Shin,17,173
Shira,36,156
Shirely,81,141
Shirl,43,143
Shirlee,16,153
Shirleen,59,198
Shirlene,41,187
Shirley,64,148
Shirly,52,199
Shizue,85,195
Shizuko,25,186
Shon,30,184
Shona,87,148
Shonda,71,143
Shondra,35,199
Shonna,90,181
Shonta,61,158
Shoshana,12,175
Shu,76,145
Shyla,8,190
Sibyl,87,192
Sid,20,184
Sidney,95,166
Sierra,2,187
Signe,38,195
Sigrid,67,176
Silas,12,192
Silva,75,153
Silvana,77,185
Silvia,72,156
Sima,83,148
Simon,61,196
Simona,23,181
Simone,70,142
Simonne,88,197
Sina,92,147
Sindy,18,176
Siobhan,92,154
Sirena,43,145
Siu,40,167
Sixta,21,160
Skye,86,148
Slyvia,15,170
So,65,155
Socorro,80,181
Sofia,12,142
Soila,100,182
Sol,62,168
Solange,75,184
Soledad,78,149
Solomon,7,172
Somer,92,145
Sommer,53,188
Son,35,143
Sona,7,180
Sondra,12,175
Song,18,195
Sonia,8,181
Sonja,24,168
Sonny,18,178
Sonya,67,181
Soo,17,177
Sook,67,140
Soon,97,143
Sophia,94,185
Sophie,69,152
Soraya,68,140
Sparkle,39,195
Spencer,27,182
Spring,57,158
Stacee,96,162
Stacey,44,158
Staci,41,162
Stacia,60,148
Stacie,29,159
Stacy,71,167
Stan,54,158
Stanford,38,189
Stanley,80,198
Stanton,37,140
Star,50,160
Starla,56,149
Starr,28,152
Stasia,49,147
Stefan,61,153
Stefani,15,160
Stefania,8,184
Stefanie,98,150
Stefany,94,191
Steffanie,95,155
Stella,46,184
Stepanie,66,191
Stephaine,23,171
Stephan,78,187
Stephane,91,182
Stephani,64,174
Stephania,75,164
Stephanie,6,155
Stephany,79,150
Stephen,15,156
Stephenie,84,147
Stephine,86,146
Stephnie,22,148
Sterling,86,174
Steve,37,165
Steven,18,194
Stevie,7,150
Stewart,55,149
Stormy,94,153
Stuart,10,167
Su,54,170
Suanne,85,145
Sudie,52,198
Sue,71,177
Sueann,19,190
Suellen,48,178
Suk,48,177
Sulema,50,181
Sumiko,27,188
Summer,2,150
Sun,57,190
Sunday,65,147
Sung,97,140
Sunni,16,173
Sunny,80,174
Sunshine,86,190
Susan,24,180
Susana,32,182
Susann,91,146
Susanna,78,148
Susannah,65,193
Susanne,39,194
Susie,62,192
Susy,14,177
Suzan,24,141
Suzann,20,148
Suzanna,19,179
Suzanne,68,172
Suzette,14,167
Suzi,56,150
Suzie,17,170
Suzy,56,171
Svetlana,74,151
Sybil,62,174
Syble,43,184
Sydney,23,184
Sylvester,71,147
Sylvia,36,182
Sylvie,52,190
Synthia,39,166
Syreeta,32,150
Ta,98,145
Tabatha,12,162
Tabetha,53,140
Tabitha,21,171
Tad,96,178
Tai,76,174
Taina,16,179
Taisha,60,198
Tajuana,11,156
Takako,38,165
Takisha,52,141
Talia,91,166
Talisha,41,165
Talitha,18,186
Tam,23,142
Tama,99,186
Tamala,34,194
Tamar,50,166
Tamara,55,168
Tamatha,24,148
Tambra,47,174
Tameika,25,198
Tameka,71,175
Tamekia,78,143
Tamela,14,159
Tamera,72,189
Tamesha,18,163
Tami,5,190
Tamica,14,194
Tamie,9,146
Tamika,20,172
Tamiko,27,147
Tamisha,14,162
Tammara,34,182
Tammera,7,140
Tammi,17,140
Tammie,24,195
Tammy,70,144
Tamra,81,161
Tana,40,163
Tandra,46,192
Tandy,15,187
Taneka,12,178
Tanesha,81,165
Tangela,53,194
Tania,50,159
Tanika,64,183
Tanisha,56,167
Tanja,11,194
Tanna,23,199
Tanner,94,154
Tanya,15,177
Tara,85,148
Tarah,58,175
Taren,22,197
Tari,30,192
Tarra,15,165
Tarsha,90,188
Taryn,16,156
Tasha,66,178
Tashia,61,152
Tashina,64,188
Tasia,88,168
Tatiana,10,192
Tatum,92,150
Tatyana,43,176
Taunya,41,161
Tawana,94,181
Tawanda,96,156
Tawanna,92,144
Tawna,75,176
Tawny,37,159
Tawnya,84,158
Taylor,12,181
Tayna,33,162
Ted,69,189
Teddy,86,150
Teena,92,193
Tegan,69,167
Teisha,91,194
Telma,9,141
Temeka,34,182
Temika,42,193
Tempie,60,189
Temple,19,169
Tena,86,144
Tenesha,24,188
Tenisha,26,144
Tennie,68,167
Tennille,26,151
Teodora,16,166
Teodoro,11,148
Teofila,54,190
Tequila,62,188
Tera,55,191
Tereasa,35,162
Terence,91,147
Teresa,90,140
Terese,58,155
Teresia,38,150
Teresita,6,199
Teressa,11,165
Teri,13,158
Terica,63,166
Terina,6,158
Terisa,51,140
Terra,47,182
Terrance,51,151
Terrell,57,143
Terrence,12,169
Terresa,31,158
Terri,31,163
Terrie,57,142
Terrilyn,27,145
Terry,83,158
Tesha,25,171
Tess,12,182
Tessa,62,170
Tessie,24,185
Thad,95,170
Thaddeus,48,151
Thalia,16,188
Thanh,84,171
Thao,48,182
Thea,100,150
Theda,27,143
Thelma,25,167
Theo,78,172
Theodora,31,187
Theodore,55,181
Theola,83,168
Theresa,29,172
Therese,24,179
Theresia,46,154
Theressa,18,193
Theron,45,146
Thersa,20,184
Thi,79,190
Thomas,73,196
Thomasena,26,190
Thomasina,18,178
Thomasine,89,190
Thora,50,190
Thresa,11,157
Thu,53,141
Thurman,59,187
Thuy,100,199
Tia,8,146
Tiana,99,172
Tianna,48,161
Tiara,62,160
Tien,79,163
Tiera,60,159
Tierra,95,146
Tiesha,35,196
Tifany,4,145
Tiffaney,48,154
Tiffani,100,199
Tiffanie,32,141
Tiffany,86,199
Tiffiny,21,142
Tijuana,97,189
Tilda,12,185
Tillie,91,165
Tim,65,194
Timika,90,199
Timmy,2,151
Timothy,2,173
Tina,53,150
Tinisha,60,161
Tiny,36,146
Tisa,40,181
Tish,36,147
Tisha,22,199
Titus,16,176
Tobi,5,166
Tobias,17,178
Tobie,89,191
Toby,81,179
Toccara,62,143
Tod,91,173
Todd,3,148
Toi,75,169
Tom,7,169
Tomas,49,153
Tomasa,19,197
Tomeka,91,159
Tomi,12,158
Tomika,60,180
Tomiko,45,196
Tommie,2,155
Tommy,12,150
Tommye,86,144
Tomoko,2,154
Tona,68,152
Tonda,48,160
Tonette,13,193
Toney,81,166
Toni,57,178
Tonia,45,147
Tonie,12,173
Tonisha,68,198
Tonita,36,163
Tonja,21,175
Tony,12,185
Tonya,56,143
Tora,89,142
Tori,24,183
Torie,95,162
Torri,2,164
Torrie,4,159
Tory,66,141
Tosha,91,186
Toshia,50,182
Toshiko,54,148
Tova,35,173
Towanda,9,173
Toya,78,190
Tracee,47,169
Tracey,76,198
Traci,9,185
Tracie,70,191
Tracy,100,147
Tran,63,172
Trang,12,192
Travis,37,184
Treasa,44,194
Treena,9,195
Trena,73,182
Trent,74,146
Trenton,6,189
Tresa,39,176
Tressa,36,183
Tressie,34,199
Treva,44,185
Trevor,66,191
Trey,95,159
Tricia,38,150
Trina,46,171
Trinh,57,189
Trinidad,83,176
Trinity,80,169
Trish,83,188
Trisha,18,196
Trista,93,148
Tristan,51,182
Troy,9,143
Trudi,9,148
Trudie,37,191
Trudy,91,182
Trula,16,185
Truman,68,155
Tu,26,156
Tuan,45,166
Tula,51,146
Tuyet,11,157
Twana,61,185
Twanda,44,147
Twanna,46,160
Twila,75,196
Twyla,37,170
Ty,32,171
Tyesha,89,151
Tyisha,70,142
Tyler,7,186
Tynisha,36,153
Tyra,51,149
Tyree,34,140
Tyrell,35,144
Tyron,71,169
Tyrone,97,157
Tyson,18,154
Ula,14,152
Ulrike,79,176
Ulysses,90,198
Un,64,177
Una,5,175
Ursula,65,149
Usha,18,181
Ute,31,166
Vada,7,147
Val,63,191
Valarie,64,150
Valda,26,146
Valencia,58,145
Valene,88,166
Valentin,95,161
Valentina,8,148
Valentine,15,152
Valeri,67,174
Valeria,43,149
Valerie,31,191
Valery,48,197
Vallie,89,170
Valorie,6,192
Valrie,20,149
Van,33,145
Vance,11,196
Vanda,68,149
Vanesa,15,173
Vanessa,15,177
Vanetta,28,164
Vania,12,196
Vanita,22,160
Vanna,90,160
Vannesa,34,165
Vannessa,88,191
Vashti,28,150
Vasiliki,89,182
Vaughn,24,149
Veda,41,184
Velda,31,165
Velia,70,194
Vella,41,151
Velma,29,191
Velva,76,166
Velvet,32,177
Vena,96,182
Venessa,10,172
Venetta,28,179
Venice,35,186
Venita,54,186
Vennie,10,189
Venus,35,165
Veola,45,192
Vera,59,141
Verda,82,168
Verdell,52,151
Verdie,10,171
Verena,80,194
Vergie,96,180
Verla,82,162
Verlene,71,178
Verlie,9,161
Verline,43,146
Vern,95,148
Verna,12,190
Vernell,78,152
Vernetta,4,143
Vernia,52,182
Vernice,21,162
Vernie,2,187
Vernita,82,148
Vernon,89,184
Verona,80,162
Veronica,56,159
Veronika,89,163
Veronique,3,186
Versie,89,185
Vertie,81,156
Vesta,34,158
Veta,85,181
Vi,1,197
Vicenta,53,192
Vicente,3,159
Vickey,83,147
Vicki,30,154
Vickie,75,189
Vicky,6,173
Victor,93,146
Victoria,11,186
Victorina,45,160
Vida,5,189
Viki,23,158
Vikki,77,169
Vilma,89,149
Vina,63,172
Vince,58,186
Vincent,81,159
Vincenza,38,180
Vincenzo,28,166
Vinita,14,179
Vinnie,73,169
Viola,74,140
Violet,36,194
Violeta,8,186
Violette,87,169
Virgen,58,198
Virgie,8,177
Virgil,61,151
Virgilio,54,149
Virgina,17,172
Virginia,1,170
Vita,50,191
Vito,77,152
Viva,46,142
Vivan,49,152
Vivian,73,178
Viviana,21,164
Vivien,5,143
Vivienne,52,150
Von,100,152
Voncile,38,175
Vonda,18,193
Vonnie,4,149
Wade,11,144
Wai,63,168
Waldo,92,192
Walker,69,191
Wallace,46,170
Wally,3,181
Walter,72,177
Walton,73,164
Waltraud,94,174
Wan,13,188
Wanda,52,174
Waneta,62,149
Wanetta,55,188
Wanita,24,199
Ward,59,169
Warner,52,189
Warren,88,145
Wava,0,160
Waylon,98,179
Wayne,58,152
Wei,19,160
Weldon,39,165
Wen,39,175
Wendell,71,146
Wendi,36,194
Wendie,50,163
Wendolyn,78,149
Wendy,99,140
Wenona,81,196
Werner,26,179
Wes,7,183
Wesley,55,182
Weston,64,141
Whitley,10,193
Whitney,63,178
Wilber,48,179
Wilbert,43,169
Wilbur,79,149
Wilburn,12,147
Wilda,27,198
Wiley,34,180
Wilford,24,161
Wilfred,100,144
Wilfredo,44,170
Wilhelmina,92,191
Wilhemina,57,177
Will,80,184
Willa,67,191
Willard,23,176
Willena,32,163
Willene,5,169
Willetta,69,176
Willette,1,171
Willia,87,172
William,13,161
Williams,30,140
Willian,88,151
Willie,16,175
Williemae,35,197
Willis,25,166
Willodean,80,151
Willow,80,153
Willy,81,187
Wilma,60,157
Wilmer,0,165
Wilson,10,150
Wilton,4,181
Windy,9,198
Winford,33,183
Winfred,62,173
Winifred,11,158
Winnie,33,153
Winnifred,1,150
Winona,65,155
Winston,29,168
Winter,80,166
Wm,8,154
Wonda,86,143
Woodrow,13,165
Wyatt,61,171
Wynell,76,168
Wynona,63,173
Xavier,65,199
Xenia,15,188
Xiao,53,154
Xiomara,12,174
Xochitl,2,150
Xuan,7,189
Yadira,98,157
Yaeko,59,165
Yael,63,161
Yahaira,88,144
Yajaira,14,150
Yan,2,176
Yang,69,169
Yanira,52,196
Yasmin,4,176
Yasmine,100,162
Yasuko,93,178
Yee,89,167
Yelena,10,144
Yen,0,148
Yer,79,177
Yesenia,7,174
Yessenia,49,175
Yetta,15,188
Yevette,81,171
Yi,73,185
Ying,48,167
Yoko,36,153
Yolanda,82,197
Yolande,61,153
Yolando,62,166
Yolonda,65,199
Yon,75,171
Yong,10,187
Yoshie,21,175
Yoshiko,35,191
Youlanda,87,177
Young,50,144
Yu,12,144
Yuette,32,158
Yuk,29,164
Yuki,88,159
Yukiko,89,194
Yuko,76,187
Yulanda,8,194
Yun,100,161
Yung,37,148
Yuonne,22,161
Yuri,72,150
Yuriko,55,145
Yvette,93,181
Yvone,47,146
Yvonne,98,193
Zachariah,13,182
Zachary,81,151
Zachery,23,165
Zack,31,167
Zackary,22,170
Zada,85,165
Zaida,16,171
Zana,92,157
Zandra,57,160
Zane,58,190
Zelda,4,160
Zella,72,163
Zelma,25,155
Zena,50,186
Zenaida,18,182
Zenia,41,151
Zenobia,3,191
Zetta,93,189
Zina,60,153
Zita,51,157
Zoe,48,143
Zofia,50,161
Zoila,67,155
Zola,7,178
Zona,9,178
Zonia,22,195
Zora,57,141
Zoraida,61,183
Zula,12,154
Zulema,29,178
Zulma,34,169
,8,142
